DBN,School Name_x,Year_x,% Level 3+4_x,Full Time_x,School Name_y,Year_y,% Level 3+4_y,Full Time_y
02M033,P.S. 033 CHELSEA PREP,2017,66.3,0.0,P.S. 033 CHELSEA PREP,2018,68.8,1.0
02M033,P.S. 033 CHELSEA PREP,2017,66.3,0.0,P.S. 033 CHELSEA PREP,2018,63.4,1.0
02M033,P.S. 033 CHELSEA PREP,2017,66.3,0.0,P.S. 033 CHELSEA PREP,2018,69.9,1.0
02M033,P.S. 033 CHELSEA PREP,2017,66.3,0.0,P.S. 033 CHELSEA PREP,2018,64.8,1.0
02M033,P.S. 033 CHELSEA PREP,2017,66.3,0.0,P.S. 033 CHELSEA PREP,2018,61.0,1.0
02M033,P.S. 033 CHELSEA PREP,2017,66.3,0.0,P.S. 033 CHELSEA PREP,2018,68.9,1.0
02M033,P.S. 033 CHELSEA PREP,2017,72.5,0.0,P.S. 033 CHELSEA PREP,2018,68.8,1.0
02M033,P.S. 033 CHELSEA PREP,2017,72.5,0.0,P.S. 033 CHELSEA PREP,2018,63.4,1.0
02M033,P.S. 033 CHELSEA PREP,2017,72.5,0.0,P.S. 033 CHELSEA PREP,2018,69.9,1.0
02M033,P.S. 033 CHELSEA PREP,2017,72.5,0.0,P.S. 033 CHELSEA PREP,2018,64.8,1.0
02M033,P.S. 033 CHELSEA PREP,2017,72.5,0.0,P.S. 033 CHELSEA PREP,2018,61.0,1.0
02M033,P.S. 033 CHELSEA PREP,2017,72.5,0.0,P.S. 033 CHELSEA PREP,2018,68.9,1.0
02M033,P.S. 033 CHELSEA PREP,2017,67.4,0.0,P.S. 033 CHELSEA PREP,2018,68.8,1.0
02M033,P.S. 033 CHELSEA PREP,2017,67.4,0.0,P.S. 033 CHELSEA PREP,2018,63.4,1.0
02M033,P.S. 033 CHELSEA PREP,2017,67.4,0.0,P.S. 033 CHELSEA PREP,2018,69.9,1.0
02M033,P.S. 033 CHELSEA PREP,2017,67.4,0.0,P.S. 033 CHELSEA PREP,2018,64.8,1.0
02M033,P.S. 033 CHELSEA PREP,2017,67.4,0.0,P.S. 033 CHELSEA PREP,2018,61.0,1.0
02M033,P.S. 033 CHELSEA PREP,2017,67.4,0.0,P.S. 033 CHELSEA PREP,2018,68.9,1.0
02M033,P.S. 033 CHELSEA PREP,2017,64.6,0.0,P.S. 033 CHELSEA PREP,2018,68.8,1.0
02M033,P.S. 033 CHELSEA PREP,2017,64.6,0.0,P.S. 033 CHELSEA PREP,2018,63.4,1.0
02M033,P.S. 033 CHELSEA PREP,2017,64.6,0.0,P.S. 033 CHELSEA PREP,2018,69.9,1.0
02M033,P.S. 033 CHELSEA PREP,2017,64.6,0.0,P.S. 033 CHELSEA PREP,2018,64.8,1.0
02M033,P.S. 033 CHELSEA PREP,2017,64.6,0.0,P.S. 033 CHELSEA PREP,2018,61.0,1.0
02M033,P.S. 033 CHELSEA PREP,2017,64.6,0.0,P.S. 033 CHELSEA PREP,2018,68.9,1.0
02M033,P.S. 033 CHELSEA PREP,2017,71.4,0.0,P.S. 033 CHELSEA PREP,2018,68.8,1.0
02M033,P.S. 033 CHELSEA PREP,2017,71.4,0.0,P.S. 033 CHELSEA PREP,2018,63.4,1.0
02M033,P.S. 033 CHELSEA PREP,2017,71.4,0.0,P.S. 033 CHELSEA PREP,2018,69.9,1.0
02M033,P.S. 033 CHELSEA PREP,2017,71.4,0.0,P.S. 033 CHELSEA PREP,2018,64.8,1.0
02M033,P.S. 033 CHELSEA PREP,2017,71.4,0.0,P.S. 033 CHELSEA PREP,2018,61.0,1.0
02M033,P.S. 033 CHELSEA PREP,2017,71.4,0.0,P.S. 033 CHELSEA PREP,2018,68.9,1.0
02M033,P.S. 033 CHELSEA PREP,2017,66.3,0.0,P.S. 033 CHELSEA PREP,2018,68.8,1.0
02M033,P.S. 033 CHELSEA PREP,2017,66.3,0.0,P.S. 033 CHELSEA PREP,2018,63.4,1.0
02M033,P.S. 033 CHELSEA PREP,2017,66.3,0.0,P.S. 033 CHELSEA PREP,2018,69.9,1.0
02M033,P.S. 033 CHELSEA PREP,2017,66.3,0.0,P.S. 033 CHELSEA PREP,2018,64.8,1.0
02M033,P.S. 033 CHELSEA PREP,2017,66.3,0.0,P.S. 033 CHELSEA PREP,2018,61.0,1.0
02M033,P.S. 033 CHELSEA PREP,2017,66.3,0.0,P.S. 033 CHELSEA PREP,2018,68.9,1.0
03M242,P.S. 242 - THE YOUNG DIPLOMATS MAGNET ACADEMY,2017,15.8,0.0,P.S. 242 - THE YOUNG DIPLOMATS MAGNET ACADEMY,2018,17.4,1.0
03M242,P.S. 242 - THE YOUNG DIPLOMATS MAGNET ACADEMY,2017,15.8,0.0,P.S. 242 - THE YOUNG DIPLOMATS MAGNET ACADEMY,2018,20.0,1.0
03M242,P.S. 242 - THE YOUNG DIPLOMATS MAGNET ACADEMY,2017,15.8,0.0,P.S. 242 - THE YOUNG DIPLOMATS MAGNET ACADEMY,2018,50.0,1.0
03M242,P.S. 242 - THE YOUNG DIPLOMATS MAGNET ACADEMY,2017,15.8,0.0,P.S. 242 - THE YOUNG DIPLOMATS MAGNET ACADEMY,2018,17.4,1.0
03M242,P.S. 242 - THE YOUNG DIPLOMATS MAGNET ACADEMY,2017,15.8,0.0,P.S. 242 - THE YOUNG DIPLOMATS MAGNET ACADEMY,2018,9.1,1.0
03M242,P.S. 242 - THE YOUNG DIPLOMATS MAGNET ACADEMY,2017,15.8,0.0,P.S. 242 - THE YOUNG DIPLOMATS MAGNET ACADEMY,2018,37.0,1.0
03M242,P.S. 242 - THE YOUNG DIPLOMATS MAGNET ACADEMY,2017,41.7,0.0,P.S. 242 - THE YOUNG DIPLOMATS MAGNET ACADEMY,2018,17.4,1.0
03M242,P.S. 242 - THE YOUNG DIPLOMATS MAGNET ACADEMY,2017,41.7,0.0,P.S. 242 - THE YOUNG DIPLOMATS MAGNET ACADEMY,2018,20.0,1.0
03M242,P.S. 242 - THE YOUNG DIPLOMATS MAGNET ACADEMY,2017,41.7,0.0,P.S. 242 - THE YOUNG DIPLOMATS MAGNET ACADEMY,2018,50.0,1.0
03M242,P.S. 242 - THE YOUNG DIPLOMATS MAGNET ACADEMY,2017,41.7,0.0,P.S. 242 - THE YOUNG DIPLOMATS MAGNET ACADEMY,2018,17.4,1.0
03M242,P.S. 242 - THE YOUNG DIPLOMATS MAGNET ACADEMY,2017,41.7,0.0,P.S. 242 - THE YOUNG DIPLOMATS MAGNET ACADEMY,2018,9.1,1.0
03M242,P.S. 242 - THE YOUNG DIPLOMATS MAGNET ACADEMY,2017,41.7,0.0,P.S. 242 - THE YOUNG DIPLOMATS MAGNET ACADEMY,2018,37.0,1.0
03M242,P.S. 242 - THE YOUNG DIPLOMATS MAGNET ACADEMY,2017,4.0,0.0,P.S. 242 - THE YOUNG DIPLOMATS MAGNET ACADEMY,2018,17.4,1.0
03M242,P.S. 242 - THE YOUNG DIPLOMATS MAGNET ACADEMY,2017,4.0,0.0,P.S. 242 - THE YOUNG DIPLOMATS MAGNET ACADEMY,2018,20.0,1.0
03M242,P.S. 242 - THE YOUNG DIPLOMATS MAGNET ACADEMY,2017,4.0,0.0,P.S. 242 - THE YOUNG DIPLOMATS MAGNET ACADEMY,2018,50.0,1.0
03M242,P.S. 242 - THE YOUNG DIPLOMATS MAGNET ACADEMY,2017,4.0,0.0,P.S. 242 - THE YOUNG DIPLOMATS MAGNET ACADEMY,2018,17.4,1.0
03M242,P.S. 242 - THE YOUNG DIPLOMATS MAGNET ACADEMY,2017,4.0,0.0,P.S. 242 - THE YOUNG DIPLOMATS MAGNET ACADEMY,2018,9.1,1.0
03M242,P.S. 242 - THE YOUNG DIPLOMATS MAGNET ACADEMY,2017,4.0,0.0,P.S. 242 - THE YOUNG DIPLOMATS MAGNET ACADEMY,2018,37.0,1.0
03M242,P.S. 242 - THE YOUNG DIPLOMATS MAGNET ACADEMY,2017,15.8,0.0,P.S. 242 - THE YOUNG DIPLOMATS MAGNET ACADEMY,2018,17.4,1.0
03M242,P.S. 242 - THE YOUNG DIPLOMATS MAGNET ACADEMY,2017,15.8,0.0,P.S. 242 - THE YOUNG DIPLOMATS MAGNET ACADEMY,2018,20.0,1.0
03M242,P.S. 242 - THE YOUNG DIPLOMATS MAGNET ACADEMY,2017,15.8,0.0,P.S. 242 - THE YOUNG DIPLOMATS MAGNET ACADEMY,2018,50.0,1.0
03M242,P.S. 242 - THE YOUNG DIPLOMATS MAGNET ACADEMY,2017,15.8,0.0,P.S. 242 - THE YOUNG DIPLOMATS MAGNET ACADEMY,2018,17.4,1.0
03M242,P.S. 242 - THE YOUNG DIPLOMATS MAGNET ACADEMY,2017,15.8,0.0,P.S. 242 - THE YOUNG DIPLOMATS MAGNET ACADEMY,2018,9.1,1.0
03M242,P.S. 242 - THE YOUNG DIPLOMATS MAGNET ACADEMY,2017,15.8,0.0,P.S. 242 - THE YOUNG DIPLOMATS MAGNET ACADEMY,2018,37.0,1.0
03M242,P.S. 242 - THE YOUNG DIPLOMATS MAGNET ACADEMY,2017,36.0,0.0,P.S. 242 - THE YOUNG DIPLOMATS MAGNET ACADEMY,2018,17.4,1.0
03M242,P.S. 242 - THE YOUNG DIPLOMATS MAGNET ACADEMY,2017,36.0,0.0,P.S. 242 - THE YOUNG DIPLOMATS MAGNET ACADEMY,2018,20.0,1.0
03M242,P.S. 242 - THE YOUNG DIPLOMATS MAGNET ACADEMY,2017,36.0,0.0,P.S. 242 - THE YOUNG DIPLOMATS MAGNET ACADEMY,2018,50.0,1.0
03M242,P.S. 242 - THE YOUNG DIPLOMATS MAGNET ACADEMY,2017,36.0,0.0,P.S. 242 - THE YOUNG DIPLOMATS MAGNET ACADEMY,2018,17.4,1.0
03M242,P.S. 242 - THE YOUNG DIPLOMATS MAGNET ACADEMY,2017,36.0,0.0,P.S. 242 - THE YOUNG DIPLOMATS MAGNET ACADEMY,2018,9.1,1.0
03M242,P.S. 242 - THE YOUNG DIPLOMATS MAGNET ACADEMY,2017,36.0,0.0,P.S. 242 - THE YOUNG DIPLOMATS MAGNET ACADEMY,2018,37.0,1.0
03M242,P.S. 242 - THE YOUNG DIPLOMATS MAGNET ACADEMY,2017,16.7,0.0,P.S. 242 - THE YOUNG DIPLOMATS MAGNET ACADEMY,2018,17.4,1.0
03M242,P.S. 242 - THE YOUNG DIPLOMATS MAGNET ACADEMY,2017,16.7,0.0,P.S. 242 - THE YOUNG DIPLOMATS MAGNET ACADEMY,2018,20.0,1.0
03M242,P.S. 242 - THE YOUNG DIPLOMATS MAGNET ACADEMY,2017,16.7,0.0,P.S. 242 - THE YOUNG DIPLOMATS MAGNET ACADEMY,2018,50.0,1.0
03M242,P.S. 242 - THE YOUNG DIPLOMATS MAGNET ACADEMY,2017,16.7,0.0,P.S. 242 - THE YOUNG DIPLOMATS MAGNET ACADEMY,2018,17.4,1.0
03M242,P.S. 242 - THE YOUNG DIPLOMATS MAGNET ACADEMY,2017,16.7,0.0,P.S. 242 - THE YOUNG DIPLOMATS MAGNET ACADEMY,2018,9.1,1.0
03M242,P.S. 242 - THE YOUNG DIPLOMATS MAGNET ACADEMY,2017,16.7,0.0,P.S. 242 - THE YOUNG DIPLOMATS MAGNET ACADEMY,2018,37.0,1.0
03M421,WEST PREP ACADEMY,2017,16.9,0.0,WEST PREP ACADEMY,2018,31.1,1.0
03M421,WEST PREP ACADEMY,2017,16.9,0.0,WEST PREP ACADEMY,2018,40.0,1.0
03M421,WEST PREP ACADEMY,2017,16.9,0.0,WEST PREP ACADEMY,2018,65.6,1.0
03M421,WEST PREP ACADEMY,2017,16.9,0.0,WEST PREP ACADEMY,2018,13.0,1.0
03M421,WEST PREP ACADEMY,2017,16.9,0.0,WEST PREP ACADEMY,2018,12.7,1.0
03M421,WEST PREP ACADEMY,2017,16.9,0.0,WEST PREP ACADEMY,2018,7.3,1.0
03M421,WEST PREP ACADEMY,2017,35.4,0.0,WEST PREP ACADEMY,2018,31.1,1.0
03M421,WEST PREP ACADEMY,2017,35.4,0.0,WEST PREP ACADEMY,2018,40.0,1.0
03M421,WEST PREP ACADEMY,2017,35.4,0.0,WEST PREP ACADEMY,2018,65.6,1.0
03M421,WEST PREP ACADEMY,2017,35.4,0.0,WEST PREP ACADEMY,2018,13.0,1.0
03M421,WEST PREP ACADEMY,2017,35.4,0.0,WEST PREP ACADEMY,2018,12.7,1.0
03M421,WEST PREP ACADEMY,2017,35.4,0.0,WEST PREP ACADEMY,2018,7.3,1.0
03M421,WEST PREP ACADEMY,2017,42.9,0.0,WEST PREP ACADEMY,2018,31.1,1.0
03M421,WEST PREP ACADEMY,2017,42.9,0.0,WEST PREP ACADEMY,2018,40.0,1.0
03M421,WEST PREP ACADEMY,2017,42.9,0.0,WEST PREP ACADEMY,2018,65.6,1.0
03M421,WEST PREP ACADEMY,2017,42.9,0.0,WEST PREP ACADEMY,2018,13.0,1.0
03M421,WEST PREP ACADEMY,2017,42.9,0.0,WEST PREP ACADEMY,2018,12.7,1.0
03M421,WEST PREP ACADEMY,2017,42.9,0.0,WEST PREP ACADEMY,2018,7.3,1.0
03M421,WEST PREP ACADEMY,2017,20.7,0.0,WEST PREP ACADEMY,2018,31.1,1.0
03M421,WEST PREP ACADEMY,2017,20.7,0.0,WEST PREP ACADEMY,2018,40.0,1.0
03M421,WEST PREP ACADEMY,2017,20.7,0.0,WEST PREP ACADEMY,2018,65.6,1.0
03M421,WEST PREP ACADEMY,2017,20.7,0.0,WEST PREP ACADEMY,2018,13.0,1.0
03M421,WEST PREP ACADEMY,2017,20.7,0.0,WEST PREP ACADEMY,2018,12.7,1.0
03M421,WEST PREP ACADEMY,2017,20.7,0.0,WEST PREP ACADEMY,2018,7.3,1.0
03M421,WEST PREP ACADEMY,2017,10.8,0.0,WEST PREP ACADEMY,2018,31.1,1.0
03M421,WEST PREP ACADEMY,2017,10.8,0.0,WEST PREP ACADEMY,2018,40.0,1.0
03M421,WEST PREP ACADEMY,2017,10.8,0.0,WEST PREP ACADEMY,2018,65.6,1.0
03M421,WEST PREP ACADEMY,2017,10.8,0.0,WEST PREP ACADEMY,2018,13.0,1.0
03M421,WEST PREP ACADEMY,2017,10.8,0.0,WEST PREP ACADEMY,2018,12.7,1.0
03M421,WEST PREP ACADEMY,2017,10.8,0.0,WEST PREP ACADEMY,2018,7.3,1.0
03M421,WEST PREP ACADEMY,2017,2.9,0.0,WEST PREP ACADEMY,2018,31.1,1.0
03M421,WEST PREP ACADEMY,2017,2.9,0.0,WEST PREP ACADEMY,2018,40.0,1.0
03M421,WEST PREP ACADEMY,2017,2.9,0.0,WEST PREP ACADEMY,2018,65.6,1.0
03M421,WEST PREP ACADEMY,2017,2.9,0.0,WEST PREP ACADEMY,2018,13.0,1.0
03M421,WEST PREP ACADEMY,2017,2.9,0.0,WEST PREP ACADEMY,2018,12.7,1.0
03M421,WEST PREP ACADEMY,2017,2.9,0.0,WEST PREP ACADEMY,2018,7.3,1.0
05M194,P.S. 194 COUNTEE CULLEN,2017,11.1,0.0,P.S. 194 COUNTEE CULLEN,2018,16.7,1.0
05M194,P.S. 194 COUNTEE CULLEN,2017,11.1,0.0,P.S. 194 COUNTEE CULLEN,2018,15.6,1.0
05M194,P.S. 194 COUNTEE CULLEN,2017,11.1,0.0,P.S. 194 COUNTEE CULLEN,2018,28.9,1.0
05M194,P.S. 194 COUNTEE CULLEN,2017,11.1,0.0,P.S. 194 COUNTEE CULLEN,2018,20.8,1.0
05M194,P.S. 194 COUNTEE CULLEN,2017,11.1,0.0,P.S. 194 COUNTEE CULLEN,2018,14.3,1.0
05M194,P.S. 194 COUNTEE CULLEN,2017,11.1,0.0,P.S. 194 COUNTEE CULLEN,2018,19.5,1.0
05M194,P.S. 194 COUNTEE CULLEN,2017,18.9,0.0,P.S. 194 COUNTEE CULLEN,2018,16.7,1.0
05M194,P.S. 194 COUNTEE CULLEN,2017,18.9,0.0,P.S. 194 COUNTEE CULLEN,2018,15.6,1.0
05M194,P.S. 194 COUNTEE CULLEN,2017,18.9,0.0,P.S. 194 COUNTEE CULLEN,2018,28.9,1.0
05M194,P.S. 194 COUNTEE CULLEN,2017,18.9,0.0,P.S. 194 COUNTEE CULLEN,2018,20.8,1.0
05M194,P.S. 194 COUNTEE CULLEN,2017,18.9,0.0,P.S. 194 COUNTEE CULLEN,2018,14.3,1.0
05M194,P.S. 194 COUNTEE CULLEN,2017,18.9,0.0,P.S. 194 COUNTEE CULLEN,2018,19.5,1.0
05M194,P.S. 194 COUNTEE CULLEN,2017,5.0,0.0,P.S. 194 COUNTEE CULLEN,2018,16.7,1.0
05M194,P.S. 194 COUNTEE CULLEN,2017,5.0,0.0,P.S. 194 COUNTEE CULLEN,2018,15.6,1.0
05M194,P.S. 194 COUNTEE CULLEN,2017,5.0,0.0,P.S. 194 COUNTEE CULLEN,2018,28.9,1.0
05M194,P.S. 194 COUNTEE CULLEN,2017,5.0,0.0,P.S. 194 COUNTEE CULLEN,2018,20.8,1.0
05M194,P.S. 194 COUNTEE CULLEN,2017,5.0,0.0,P.S. 194 COUNTEE CULLEN,2018,14.3,1.0
05M194,P.S. 194 COUNTEE CULLEN,2017,5.0,0.0,P.S. 194 COUNTEE CULLEN,2018,19.5,1.0
05M194,P.S. 194 COUNTEE CULLEN,2017,20.0,0.0,P.S. 194 COUNTEE CULLEN,2018,16.7,1.0
05M194,P.S. 194 COUNTEE CULLEN,2017,20.0,0.0,P.S. 194 COUNTEE CULLEN,2018,15.6,1.0
05M194,P.S. 194 COUNTEE CULLEN,2017,20.0,0.0,P.S. 194 COUNTEE CULLEN,2018,28.9,1.0
05M194,P.S. 194 COUNTEE CULLEN,2017,20.0,0.0,P.S. 194 COUNTEE CULLEN,2018,20.8,1.0
05M194,P.S. 194 COUNTEE CULLEN,2017,20.0,0.0,P.S. 194 COUNTEE CULLEN,2018,14.3,1.0
05M194,P.S. 194 COUNTEE CULLEN,2017,20.0,0.0,P.S. 194 COUNTEE CULLEN,2018,19.5,1.0
05M194,P.S. 194 COUNTEE CULLEN,2017,5.4,0.0,P.S. 194 COUNTEE CULLEN,2018,16.7,1.0
05M194,P.S. 194 COUNTEE CULLEN,2017,5.4,0.0,P.S. 194 COUNTEE CULLEN,2018,15.6,1.0
05M194,P.S. 194 COUNTEE CULLEN,2017,5.4,0.0,P.S. 194 COUNTEE CULLEN,2018,28.9,1.0
05M194,P.S. 194 COUNTEE CULLEN,2017,5.4,0.0,P.S. 194 COUNTEE CULLEN,2018,20.8,1.0
05M194,P.S. 194 COUNTEE CULLEN,2017,5.4,0.0,P.S. 194 COUNTEE CULLEN,2018,14.3,1.0
05M194,P.S. 194 COUNTEE CULLEN,2017,5.4,0.0,P.S. 194 COUNTEE CULLEN,2018,19.5,1.0
05M194,P.S. 194 COUNTEE CULLEN,2017,5.0,0.0,P.S. 194 COUNTEE CULLEN,2018,16.7,1.0
05M194,P.S. 194 COUNTEE CULLEN,2017,5.0,0.0,P.S. 194 COUNTEE CULLEN,2018,15.6,1.0
05M194,P.S. 194 COUNTEE CULLEN,2017,5.0,0.0,P.S. 194 COUNTEE CULLEN,2018,28.9,1.0
05M194,P.S. 194 COUNTEE CULLEN,2017,5.0,0.0,P.S. 194 COUNTEE CULLEN,2018,20.8,1.0
05M194,P.S. 194 COUNTEE CULLEN,2017,5.0,0.0,P.S. 194 COUNTEE CULLEN,2018,14.3,1.0
05M194,P.S. 194 COUNTEE CULLEN,2017,5.0,0.0,P.S. 194 COUNTEE CULLEN,2018,19.5,1.0
07X161,P.S. 161 JUAN PONCE DE LEON SCHOOL,2017,31.3,0.0,P.S. 161 JUAN PONCE DE LEON SCHOOL,2018,45.8,1.0
07X161,P.S. 161 JUAN PONCE DE LEON SCHOOL,2017,31.3,0.0,P.S. 161 JUAN PONCE DE LEON SCHOOL,2018,45.9,1.0
07X161,P.S. 161 JUAN PONCE DE LEON SCHOOL,2017,31.3,0.0,P.S. 161 JUAN PONCE DE LEON SCHOOL,2018,20.0,1.0
07X161,P.S. 161 JUAN PONCE DE LEON SCHOOL,2017,31.3,0.0,P.S. 161 JUAN PONCE DE LEON SCHOOL,2018,39.7,1.0
07X161,P.S. 161 JUAN PONCE DE LEON SCHOOL,2017,31.3,0.0,P.S. 161 JUAN PONCE DE LEON SCHOOL,2018,39.3,1.0
07X161,P.S. 161 JUAN PONCE DE LEON SCHOOL,2017,31.3,0.0,P.S. 161 JUAN PONCE DE LEON SCHOOL,2018,20.3,1.0
07X161,P.S. 161 JUAN PONCE DE LEON SCHOOL,2017,30.4,0.0,P.S. 161 JUAN PONCE DE LEON SCHOOL,2018,45.8,1.0
07X161,P.S. 161 JUAN PONCE DE LEON SCHOOL,2017,30.4,0.0,P.S. 161 JUAN PONCE DE LEON SCHOOL,2018,45.9,1.0
07X161,P.S. 161 JUAN PONCE DE LEON SCHOOL,2017,30.4,0.0,P.S. 161 JUAN PONCE DE LEON SCHOOL,2018,20.0,1.0
07X161,P.S. 161 JUAN PONCE DE LEON SCHOOL,2017,30.4,0.0,P.S. 161 JUAN PONCE DE LEON SCHOOL,2018,39.7,1.0
07X161,P.S. 161 JUAN PONCE DE LEON SCHOOL,2017,30.4,0.0,P.S. 161 JUAN PONCE DE LEON SCHOOL,2018,39.3,1.0
07X161,P.S. 161 JUAN PONCE DE LEON SCHOOL,2017,30.4,0.0,P.S. 161 JUAN PONCE DE LEON SCHOOL,2018,20.3,1.0
07X161,P.S. 161 JUAN PONCE DE LEON SCHOOL,2017,26.9,0.0,P.S. 161 JUAN PONCE DE LEON SCHOOL,2018,45.8,1.0
07X161,P.S. 161 JUAN PONCE DE LEON SCHOOL,2017,26.9,0.0,P.S. 161 JUAN PONCE DE LEON SCHOOL,2018,45.9,1.0
07X161,P.S. 161 JUAN PONCE DE LEON SCHOOL,2017,26.9,0.0,P.S. 161 JUAN PONCE DE LEON SCHOOL,2018,20.0,1.0
07X161,P.S. 161 JUAN PONCE DE LEON SCHOOL,2017,26.9,0.0,P.S. 161 JUAN PONCE DE LEON SCHOOL,2018,39.7,1.0
07X161,P.S. 161 JUAN PONCE DE LEON SCHOOL,2017,26.9,0.0,P.S. 161 JUAN PONCE DE LEON SCHOOL,2018,39.3,1.0
07X161,P.S. 161 JUAN PONCE DE LEON SCHOOL,2017,26.9,0.0,P.S. 161 JUAN PONCE DE LEON SCHOOL,2018,20.3,1.0
07X161,P.S. 161 JUAN PONCE DE LEON SCHOOL,2017,30.3,0.0,P.S. 161 JUAN PONCE DE LEON SCHOOL,2018,45.8,1.0
07X161,P.S. 161 JUAN PONCE DE LEON SCHOOL,2017,30.3,0.0,P.S. 161 JUAN PONCE DE LEON SCHOOL,2018,45.9,1.0
07X161,P.S. 161 JUAN PONCE DE LEON SCHOOL,2017,30.3,0.0,P.S. 161 JUAN PONCE DE LEON SCHOOL,2018,20.0,1.0
07X161,P.S. 161 JUAN PONCE DE LEON SCHOOL,2017,30.3,0.0,P.S. 161 JUAN PONCE DE LEON SCHOOL,2018,39.7,1.0
07X161,P.S. 161 JUAN PONCE DE LEON SCHOOL,2017,30.3,0.0,P.S. 161 JUAN PONCE DE LEON SCHOOL,2018,39.3,1.0
07X161,P.S. 161 JUAN PONCE DE LEON SCHOOL,2017,30.3,0.0,P.S. 161 JUAN PONCE DE LEON SCHOOL,2018,20.3,1.0
07X161,P.S. 161 JUAN PONCE DE LEON SCHOOL,2017,29.8,0.0,P.S. 161 JUAN PONCE DE LEON SCHOOL,2018,45.8,1.0
07X161,P.S. 161 JUAN PONCE DE LEON SCHOOL,2017,29.8,0.0,P.S. 161 JUAN PONCE DE LEON SCHOOL,2018,45.9,1.0
07X161,P.S. 161 JUAN PONCE DE LEON SCHOOL,2017,29.8,0.0,P.S. 161 JUAN PONCE DE LEON SCHOOL,2018,20.0,1.0
07X161,P.S. 161 JUAN PONCE DE LEON SCHOOL,2017,29.8,0.0,P.S. 161 JUAN PONCE DE LEON SCHOOL,2018,39.7,1.0
07X161,P.S. 161 JUAN PONCE DE LEON SCHOOL,2017,29.8,0.0,P.S. 161 JUAN PONCE DE LEON SCHOOL,2018,39.3,1.0
07X161,P.S. 161 JUAN PONCE DE LEON SCHOOL,2017,29.8,0.0,P.S. 161 JUAN PONCE DE LEON SCHOOL,2018,20.3,1.0
07X161,P.S. 161 JUAN PONCE DE LEON SCHOOL,2017,19.2,0.0,P.S. 161 JUAN PONCE DE LEON SCHOOL,2018,45.8,1.0
07X161,P.S. 161 JUAN PONCE DE LEON SCHOOL,2017,19.2,0.0,P.S. 161 JUAN PONCE DE LEON SCHOOL,2018,45.9,1.0
07X161,P.S. 161 JUAN PONCE DE LEON SCHOOL,2017,19.2,0.0,P.S. 161 JUAN PONCE DE LEON SCHOOL,2018,20.0,1.0
07X161,P.S. 161 JUAN PONCE DE LEON SCHOOL,2017,19.2,0.0,P.S. 161 JUAN PONCE DE LEON SCHOOL,2018,39.7,1.0
07X161,P.S. 161 JUAN PONCE DE LEON SCHOOL,2017,19.2,0.0,P.S. 161 JUAN PONCE DE LEON SCHOOL,2018,39.3,1.0
07X161,P.S. 161 JUAN PONCE DE LEON SCHOOL,2017,19.2,0.0,P.S. 161 JUAN PONCE DE LEON SCHOOL,2018,20.3,1.0
12X314,FAIRMONT NEIGHBORHOOD SCHOOL,2017,4.3,0.0,FAIRMONT NEIGHBORHOOD SCHOOL,2018,14.3,1.0
12X314,FAIRMONT NEIGHBORHOOD SCHOOL,2017,4.3,0.0,FAIRMONT NEIGHBORHOOD SCHOOL,2018,5.7,1.0
12X314,FAIRMONT NEIGHBORHOOD SCHOOL,2017,4.3,0.0,FAIRMONT NEIGHBORHOOD SCHOOL,2018,20.0,1.0
12X314,FAIRMONT NEIGHBORHOOD SCHOOL,2017,4.3,0.0,FAIRMONT NEIGHBORHOOD SCHOOL,2018,25.0,1.0
12X314,FAIRMONT NEIGHBORHOOD SCHOOL,2017,4.3,0.0,FAIRMONT NEIGHBORHOOD SCHOOL,2018,5.6,1.0
12X314,FAIRMONT NEIGHBORHOOD SCHOOL,2017,4.3,0.0,FAIRMONT NEIGHBORHOOD SCHOOL,2018,15.8,1.0
12X314,FAIRMONT NEIGHBORHOOD SCHOOL,2017,17.1,0.0,FAIRMONT NEIGHBORHOOD SCHOOL,2018,14.3,1.0
12X314,FAIRMONT NEIGHBORHOOD SCHOOL,2017,17.1,0.0,FAIRMONT NEIGHBORHOOD SCHOOL,2018,5.7,1.0
12X314,FAIRMONT NEIGHBORHOOD SCHOOL,2017,17.1,0.0,FAIRMONT NEIGHBORHOOD SCHOOL,2018,20.0,1.0
12X314,FAIRMONT NEIGHBORHOOD SCHOOL,2017,17.1,0.0,FAIRMONT NEIGHBORHOOD SCHOOL,2018,25.0,1.0
12X314,FAIRMONT NEIGHBORHOOD SCHOOL,2017,17.1,0.0,FAIRMONT NEIGHBORHOOD SCHOOL,2018,5.6,1.0
12X314,FAIRMONT NEIGHBORHOOD SCHOOL,2017,17.1,0.0,FAIRMONT NEIGHBORHOOD SCHOOL,2018,15.8,1.0
12X314,FAIRMONT NEIGHBORHOOD SCHOOL,2017,3.6,0.0,FAIRMONT NEIGHBORHOOD SCHOOL,2018,14.3,1.0
12X314,FAIRMONT NEIGHBORHOOD SCHOOL,2017,3.6,0.0,FAIRMONT NEIGHBORHOOD SCHOOL,2018,5.7,1.0
12X314,FAIRMONT NEIGHBORHOOD SCHOOL,2017,3.6,0.0,FAIRMONT NEIGHBORHOOD SCHOOL,2018,20.0,1.0
12X314,FAIRMONT NEIGHBORHOOD SCHOOL,2017,3.6,0.0,FAIRMONT NEIGHBORHOOD SCHOOL,2018,25.0,1.0
12X314,FAIRMONT NEIGHBORHOOD SCHOOL,2017,3.6,0.0,FAIRMONT NEIGHBORHOOD SCHOOL,2018,5.6,1.0
12X314,FAIRMONT NEIGHBORHOOD SCHOOL,2017,3.6,0.0,FAIRMONT NEIGHBORHOOD SCHOOL,2018,15.8,1.0
12X314,FAIRMONT NEIGHBORHOOD SCHOOL,2017,0.0,0.0,FAIRMONT NEIGHBORHOOD SCHOOL,2018,14.3,1.0
12X314,FAIRMONT NEIGHBORHOOD SCHOOL,2017,0.0,0.0,FAIRMONT NEIGHBORHOOD SCHOOL,2018,5.7,1.0
12X314,FAIRMONT NEIGHBORHOOD SCHOOL,2017,0.0,0.0,FAIRMONT NEIGHBORHOOD SCHOOL,2018,20.0,1.0
12X314,FAIRMONT NEIGHBORHOOD SCHOOL,2017,0.0,0.0,FAIRMONT NEIGHBORHOOD SCHOOL,2018,25.0,1.0
12X314,FAIRMONT NEIGHBORHOOD SCHOOL,2017,0.0,0.0,FAIRMONT NEIGHBORHOOD SCHOOL,2018,5.6,1.0
12X314,FAIRMONT NEIGHBORHOOD SCHOOL,2017,0.0,0.0,FAIRMONT NEIGHBORHOOD SCHOOL,2018,15.8,1.0
12X314,FAIRMONT NEIGHBORHOOD SCHOOL,2017,8.1,0.0,FAIRMONT NEIGHBORHOOD SCHOOL,2018,14.3,1.0
12X314,FAIRMONT NEIGHBORHOOD SCHOOL,2017,8.1,0.0,FAIRMONT NEIGHBORHOOD SCHOOL,2018,5.7,1.0
12X314,FAIRMONT NEIGHBORHOOD SCHOOL,2017,8.1,0.0,FAIRMONT NEIGHBORHOOD SCHOOL,2018,20.0,1.0
12X314,FAIRMONT NEIGHBORHOOD SCHOOL,2017,8.1,0.0,FAIRMONT NEIGHBORHOOD SCHOOL,2018,25.0,1.0
12X314,FAIRMONT NEIGHBORHOOD SCHOOL,2017,8.1,0.0,FAIRMONT NEIGHBORHOOD SCHOOL,2018,5.6,1.0
12X314,FAIRMONT NEIGHBORHOOD SCHOOL,2017,8.1,0.0,FAIRMONT NEIGHBORHOOD SCHOOL,2018,15.8,1.0
12X314,FAIRMONT NEIGHBORHOOD SCHOOL,2017,7.5,0.0,FAIRMONT NEIGHBORHOOD SCHOOL,2018,14.3,1.0
12X314,FAIRMONT NEIGHBORHOOD SCHOOL,2017,7.5,0.0,FAIRMONT NEIGHBORHOOD SCHOOL,2018,5.7,1.0
12X314,FAIRMONT NEIGHBORHOOD SCHOOL,2017,7.5,0.0,FAIRMONT NEIGHBORHOOD SCHOOL,2018,20.0,1.0
12X314,FAIRMONT NEIGHBORHOOD SCHOOL,2017,7.5,0.0,FAIRMONT NEIGHBORHOOD SCHOOL,2018,25.0,1.0
12X314,FAIRMONT NEIGHBORHOOD SCHOOL,2017,7.5,0.0,FAIRMONT NEIGHBORHOOD SCHOOL,2018,5.6,1.0
12X314,FAIRMONT NEIGHBORHOOD SCHOOL,2017,7.5,0.0,FAIRMONT NEIGHBORHOOD SCHOOL,2018,15.8,1.0
15K001,P.S. 001 THE BERGEN,2017,40.1,0.0,P.S. 001 THE BERGEN,2018,40.2,1.0
15K001,P.S. 001 THE BERGEN,2017,40.1,0.0,P.S. 001 THE BERGEN,2018,33.5,1.0
15K001,P.S. 001 THE BERGEN,2017,40.1,0.0,P.S. 001 THE BERGEN,2018,19.2,1.0
15K001,P.S. 001 THE BERGEN,2017,40.1,0.0,P.S. 001 THE BERGEN,2018,36.0,1.0
15K001,P.S. 001 THE BERGEN,2017,40.1,0.0,P.S. 001 THE BERGEN,2018,38.7,1.0
15K001,P.S. 001 THE BERGEN,2017,40.1,0.0,P.S. 001 THE BERGEN,2018,29.1,1.0
15K001,P.S. 001 THE BERGEN,2017,33.2,0.0,P.S. 001 THE BERGEN,2018,40.2,1.0
15K001,P.S. 001 THE BERGEN,2017,33.2,0.0,P.S. 001 THE BERGEN,2018,33.5,1.0
15K001,P.S. 001 THE BERGEN,2017,33.2,0.0,P.S. 001 THE BERGEN,2018,19.2,1.0
15K001,P.S. 001 THE BERGEN,2017,33.2,0.0,P.S. 001 THE BERGEN,2018,36.0,1.0
15K001,P.S. 001 THE BERGEN,2017,33.2,0.0,P.S. 001 THE BERGEN,2018,38.7,1.0
15K001,P.S. 001 THE BERGEN,2017,33.2,0.0,P.S. 001 THE BERGEN,2018,29.1,1.0
15K001,P.S. 001 THE BERGEN,2017,22.2,0.0,P.S. 001 THE BERGEN,2018,40.2,1.0
15K001,P.S. 001 THE BERGEN,2017,22.2,0.0,P.S. 001 THE BERGEN,2018,33.5,1.0
15K001,P.S. 001 THE BERGEN,2017,22.2,0.0,P.S. 001 THE BERGEN,2018,19.2,1.0
15K001,P.S. 001 THE BERGEN,2017,22.2,0.0,P.S. 001 THE BERGEN,2018,36.0,1.0
15K001,P.S. 001 THE BERGEN,2017,22.2,0.0,P.S. 001 THE BERGEN,2018,38.7,1.0
15K001,P.S. 001 THE BERGEN,2017,22.2,0.0,P.S. 001 THE BERGEN,2018,29.1,1.0
15K001,P.S. 001 THE BERGEN,2017,40.0,0.0,P.S. 001 THE BERGEN,2018,40.2,1.0
15K001,P.S. 001 THE BERGEN,2017,40.0,0.0,P.S. 001 THE BERGEN,2018,33.5,1.0
15K001,P.S. 001 THE BERGEN,2017,40.0,0.0,P.S. 001 THE BERGEN,2018,19.2,1.0
15K001,P.S. 001 THE BERGEN,2017,40.0,0.0,P.S. 001 THE BERGEN,2018,36.0,1.0
15K001,P.S. 001 THE BERGEN,2017,40.0,0.0,P.S. 001 THE BERGEN,2018,38.7,1.0
15K001,P.S. 001 THE BERGEN,2017,40.0,0.0,P.S. 001 THE BERGEN,2018,29.1,1.0
15K001,P.S. 001 THE BERGEN,2017,23.7,0.0,P.S. 001 THE BERGEN,2018,40.2,1.0
15K001,P.S. 001 THE BERGEN,2017,23.7,0.0,P.S. 001 THE BERGEN,2018,33.5,1.0
15K001,P.S. 001 THE BERGEN,2017,23.7,0.0,P.S. 001 THE BERGEN,2018,19.2,1.0
15K001,P.S. 001 THE BERGEN,2017,23.7,0.0,P.S. 001 THE BERGEN,2018,36.0,1.0
15K001,P.S. 001 THE BERGEN,2017,23.7,0.0,P.S. 001 THE BERGEN,2018,38.7,1.0
15K001,P.S. 001 THE BERGEN,2017,23.7,0.0,P.S. 001 THE BERGEN,2018,29.1,1.0
15K001,P.S. 001 THE BERGEN,2017,26.6,0.0,P.S. 001 THE BERGEN,2018,40.2,1.0
15K001,P.S. 001 THE BERGEN,2017,26.6,0.0,P.S. 001 THE BERGEN,2018,33.5,1.0
15K001,P.S. 001 THE BERGEN,2017,26.6,0.0,P.S. 001 THE BERGEN,2018,19.2,1.0
15K001,P.S. 001 THE BERGEN,2017,26.6,0.0,P.S. 001 THE BERGEN,2018,36.0,1.0
15K001,P.S. 001 THE BERGEN,2017,26.6,0.0,P.S. 001 THE BERGEN,2018,38.7,1.0
15K001,P.S. 001 THE BERGEN,2017,26.6,0.0,P.S. 001 THE BERGEN,2018,29.1,1.0
15K130,P.S. 130 THE PARKSIDE,2017,48.4,0.0,P.S. 130 THE PARKSIDE,2018,65.1,1.0
15K130,P.S. 130 THE PARKSIDE,2017,48.4,0.0,P.S. 130 THE PARKSIDE,2018,54.3,1.0
15K130,P.S. 130 THE PARKSIDE,2017,48.4,0.0,P.S. 130 THE PARKSIDE,2018,53.4,1.0
15K130,P.S. 130 THE PARKSIDE,2017,48.4,0.0,P.S. 130 THE PARKSIDE,2018,67.6,1.0
15K130,P.S. 130 THE PARKSIDE,2017,48.4,0.0,P.S. 130 THE PARKSIDE,2018,49.0,1.0
15K130,P.S. 130 THE PARKSIDE,2017,48.4,0.0,P.S. 130 THE PARKSIDE,2018,70.0,1.0
15K130,P.S. 130 THE PARKSIDE,2017,50.5,0.0,P.S. 130 THE PARKSIDE,2018,65.1,1.0
15K130,P.S. 130 THE PARKSIDE,2017,50.5,0.0,P.S. 130 THE PARKSIDE,2018,54.3,1.0
15K130,P.S. 130 THE PARKSIDE,2017,50.5,0.0,P.S. 130 THE PARKSIDE,2018,53.4,1.0
15K130,P.S. 130 THE PARKSIDE,2017,50.5,0.0,P.S. 130 THE PARKSIDE,2018,67.6,1.0
15K130,P.S. 130 THE PARKSIDE,2017,50.5,0.0,P.S. 130 THE PARKSIDE,2018,49.0,1.0
15K130,P.S. 130 THE PARKSIDE,2017,50.5,0.0,P.S. 130 THE PARKSIDE,2018,70.0,1.0
15K130,P.S. 130 THE PARKSIDE,2017,42.9,0.0,P.S. 130 THE PARKSIDE,2018,65.1,1.0
15K130,P.S. 130 THE PARKSIDE,2017,42.9,0.0,P.S. 130 THE PARKSIDE,2018,54.3,1.0
15K130,P.S. 130 THE PARKSIDE,2017,42.9,0.0,P.S. 130 THE PARKSIDE,2018,53.4,1.0
15K130,P.S. 130 THE PARKSIDE,2017,42.9,0.0,P.S. 130 THE PARKSIDE,2018,67.6,1.0
15K130,P.S. 130 THE PARKSIDE,2017,42.9,0.0,P.S. 130 THE PARKSIDE,2018,49.0,1.0
15K130,P.S. 130 THE PARKSIDE,2017,42.9,0.0,P.S. 130 THE PARKSIDE,2018,70.0,1.0
15K130,P.S. 130 THE PARKSIDE,2017,49.0,0.0,P.S. 130 THE PARKSIDE,2018,65.1,1.0
15K130,P.S. 130 THE PARKSIDE,2017,49.0,0.0,P.S. 130 THE PARKSIDE,2018,54.3,1.0
15K130,P.S. 130 THE PARKSIDE,2017,49.0,0.0,P.S. 130 THE PARKSIDE,2018,53.4,1.0
15K130,P.S. 130 THE PARKSIDE,2017,49.0,0.0,P.S. 130 THE PARKSIDE,2018,67.6,1.0
15K130,P.S. 130 THE PARKSIDE,2017,49.0,0.0,P.S. 130 THE PARKSIDE,2018,49.0,1.0
15K130,P.S. 130 THE PARKSIDE,2017,49.0,0.0,P.S. 130 THE PARKSIDE,2018,70.0,1.0
15K130,P.S. 130 THE PARKSIDE,2017,41.8,0.0,P.S. 130 THE PARKSIDE,2018,65.1,1.0
15K130,P.S. 130 THE PARKSIDE,2017,41.8,0.0,P.S. 130 THE PARKSIDE,2018,54.3,1.0
15K130,P.S. 130 THE PARKSIDE,2017,41.8,0.0,P.S. 130 THE PARKSIDE,2018,53.4,1.0
15K130,P.S. 130 THE PARKSIDE,2017,41.8,0.0,P.S. 130 THE PARKSIDE,2018,67.6,1.0
15K130,P.S. 130 THE PARKSIDE,2017,41.8,0.0,P.S. 130 THE PARKSIDE,2018,49.0,1.0
15K130,P.S. 130 THE PARKSIDE,2017,41.8,0.0,P.S. 130 THE PARKSIDE,2018,70.0,1.0
15K130,P.S. 130 THE PARKSIDE,2017,60.2,0.0,P.S. 130 THE PARKSIDE,2018,65.1,1.0
15K130,P.S. 130 THE PARKSIDE,2017,60.2,0.0,P.S. 130 THE PARKSIDE,2018,54.3,1.0
15K130,P.S. 130 THE PARKSIDE,2017,60.2,0.0,P.S. 130 THE PARKSIDE,2018,53.4,1.0
15K130,P.S. 130 THE PARKSIDE,2017,60.2,0.0,P.S. 130 THE PARKSIDE,2018,67.6,1.0
15K130,P.S. 130 THE PARKSIDE,2017,60.2,0.0,P.S. 130 THE PARKSIDE,2018,49.0,1.0
15K130,P.S. 130 THE PARKSIDE,2017,60.2,0.0,P.S. 130 THE PARKSIDE,2018,70.0,1.0
19K065,P.S. 065,2017,55.2,0.0,P.S. 065,2018,58.1,1.0
19K065,P.S. 065,2017,55.2,0.0,P.S. 065,2018,70.2,1.0
19K065,P.S. 065,2017,55.2,0.0,P.S. 065,2018,50.5,1.0
19K065,P.S. 065,2017,55.2,0.0,P.S. 065,2018,62.9,1.0
19K065,P.S. 065,2017,55.2,0.0,P.S. 065,2018,62.0,1.0
19K065,P.S. 065,2017,55.2,0.0,P.S. 065,2018,56.9,1.0
19K065,P.S. 065,2017,50.5,0.0,P.S. 065,2018,58.1,1.0
19K065,P.S. 065,2017,50.5,0.0,P.S. 065,2018,70.2,1.0
19K065,P.S. 065,2017,50.5,0.0,P.S. 065,2018,50.5,1.0
19K065,P.S. 065,2017,50.5,0.0,P.S. 065,2018,62.9,1.0
19K065,P.S. 065,2017,50.5,0.0,P.S. 065,2018,62.0,1.0
19K065,P.S. 065,2017,50.5,0.0,P.S. 065,2018,56.9,1.0
19K065,P.S. 065,2017,35.2,0.0,P.S. 065,2018,58.1,1.0
19K065,P.S. 065,2017,35.2,0.0,P.S. 065,2018,70.2,1.0
19K065,P.S. 065,2017,35.2,0.0,P.S. 065,2018,50.5,1.0
19K065,P.S. 065,2017,35.2,0.0,P.S. 065,2018,62.9,1.0
19K065,P.S. 065,2017,35.2,0.0,P.S. 065,2018,62.0,1.0
19K065,P.S. 065,2017,35.2,0.0,P.S. 065,2018,56.9,1.0
19K065,P.S. 065,2017,59.7,0.0,P.S. 065,2018,58.1,1.0
19K065,P.S. 065,2017,59.7,0.0,P.S. 065,2018,70.2,1.0
19K065,P.S. 065,2017,59.7,0.0,P.S. 065,2018,50.5,1.0
19K065,P.S. 065,2017,59.7,0.0,P.S. 065,2018,62.9,1.0
19K065,P.S. 065,2017,59.7,0.0,P.S. 065,2018,62.0,1.0
19K065,P.S. 065,2017,59.7,0.0,P.S. 065,2018,56.9,1.0
19K065,P.S. 065,2017,45.1,0.0,P.S. 065,2018,58.1,1.0
19K065,P.S. 065,2017,45.1,0.0,P.S. 065,2018,70.2,1.0
19K065,P.S. 065,2017,45.1,0.0,P.S. 065,2018,50.5,1.0
19K065,P.S. 065,2017,45.1,0.0,P.S. 065,2018,62.9,1.0
19K065,P.S. 065,2017,45.1,0.0,P.S. 065,2018,62.0,1.0
19K065,P.S. 065,2017,45.1,0.0,P.S. 065,2018,56.9,1.0
19K065,P.S. 065,2017,40.7,0.0,P.S. 065,2018,58.1,1.0
19K065,P.S. 065,2017,40.7,0.0,P.S. 065,2018,70.2,1.0
19K065,P.S. 065,2017,40.7,0.0,P.S. 065,2018,50.5,1.0
19K065,P.S. 065,2017,40.7,0.0,P.S. 065,2018,62.9,1.0
19K065,P.S. 065,2017,40.7,0.0,P.S. 065,2018,62.0,1.0
19K065,P.S. 065,2017,40.7,0.0,P.S. 065,2018,56.9,1.0
19K409,EAST NEW YORK FAMILY ACADEMY,2017,15.8,0.0,EAST NEW YORK FAMILY ACADEMY,2018,57.1,1.0
19K409,EAST NEW YORK FAMILY ACADEMY,2017,15.8,0.0,EAST NEW YORK FAMILY ACADEMY,2018,32.4,1.0
19K409,EAST NEW YORK FAMILY ACADEMY,2017,15.8,0.0,EAST NEW YORK FAMILY ACADEMY,2018,26.6,1.0
19K409,EAST NEW YORK FAMILY ACADEMY,2017,15.8,0.0,EAST NEW YORK FAMILY ACADEMY,2018,48.6,1.0
19K409,EAST NEW YORK FAMILY ACADEMY,2017,15.8,0.0,EAST NEW YORK FAMILY ACADEMY,2018,27.5,1.0
19K409,EAST NEW YORK FAMILY ACADEMY,2017,15.8,0.0,EAST NEW YORK FAMILY ACADEMY,2018,20.5,1.0
19K409,EAST NEW YORK FAMILY ACADEMY,2017,35.3,0.0,EAST NEW YORK FAMILY ACADEMY,2018,57.1,1.0
19K409,EAST NEW YORK FAMILY ACADEMY,2017,35.3,0.0,EAST NEW YORK FAMILY ACADEMY,2018,32.4,1.0
19K409,EAST NEW YORK FAMILY ACADEMY,2017,35.3,0.0,EAST NEW YORK FAMILY ACADEMY,2018,26.6,1.0
19K409,EAST NEW YORK FAMILY ACADEMY,2017,35.3,0.0,EAST NEW YORK FAMILY ACADEMY,2018,48.6,1.0
19K409,EAST NEW YORK FAMILY ACADEMY,2017,35.3,0.0,EAST NEW YORK FAMILY ACADEMY,2018,27.5,1.0
19K409,EAST NEW YORK FAMILY ACADEMY,2017,35.3,0.0,EAST NEW YORK FAMILY ACADEMY,2018,20.5,1.0
19K409,EAST NEW YORK FAMILY ACADEMY,2017,65.3,0.0,EAST NEW YORK FAMILY ACADEMY,2018,57.1,1.0
19K409,EAST NEW YORK FAMILY ACADEMY,2017,65.3,0.0,EAST NEW YORK FAMILY ACADEMY,2018,32.4,1.0
19K409,EAST NEW YORK FAMILY ACADEMY,2017,65.3,0.0,EAST NEW YORK FAMILY ACADEMY,2018,26.6,1.0
19K409,EAST NEW YORK FAMILY ACADEMY,2017,65.3,0.0,EAST NEW YORK FAMILY ACADEMY,2018,48.6,1.0
19K409,EAST NEW YORK FAMILY ACADEMY,2017,65.3,0.0,EAST NEW YORK FAMILY ACADEMY,2018,27.5,1.0
19K409,EAST NEW YORK FAMILY ACADEMY,2017,65.3,0.0,EAST NEW YORK FAMILY ACADEMY,2018,20.5,1.0
19K409,EAST NEW YORK FAMILY ACADEMY,2017,22.1,0.0,EAST NEW YORK FAMILY ACADEMY,2018,57.1,1.0
19K409,EAST NEW YORK FAMILY ACADEMY,2017,22.1,0.0,EAST NEW YORK FAMILY ACADEMY,2018,32.4,1.0
19K409,EAST NEW YORK FAMILY ACADEMY,2017,22.1,0.0,EAST NEW YORK FAMILY ACADEMY,2018,26.6,1.0
19K409,EAST NEW YORK FAMILY ACADEMY,2017,22.1,0.0,EAST NEW YORK FAMILY ACADEMY,2018,48.6,1.0
19K409,EAST NEW YORK FAMILY ACADEMY,2017,22.1,0.0,EAST NEW YORK FAMILY ACADEMY,2018,27.5,1.0
19K409,EAST NEW YORK FAMILY ACADEMY,2017,22.1,0.0,EAST NEW YORK FAMILY ACADEMY,2018,20.5,1.0
19K409,EAST NEW YORK FAMILY ACADEMY,2017,20.9,0.0,EAST NEW YORK FAMILY ACADEMY,2018,57.1,1.0
19K409,EAST NEW YORK FAMILY ACADEMY,2017,20.9,0.0,EAST NEW YORK FAMILY ACADEMY,2018,32.4,1.0
19K409,EAST NEW YORK FAMILY ACADEMY,2017,20.9,0.0,EAST NEW YORK FAMILY ACADEMY,2018,26.6,1.0
19K409,EAST NEW YORK FAMILY ACADEMY,2017,20.9,0.0,EAST NEW YORK FAMILY ACADEMY,2018,48.6,1.0
19K409,EAST NEW YORK FAMILY ACADEMY,2017,20.9,0.0,EAST NEW YORK FAMILY ACADEMY,2018,27.5,1.0
19K409,EAST NEW YORK FAMILY ACADEMY,2017,20.9,0.0,EAST NEW YORK FAMILY ACADEMY,2018,20.5,1.0
19K409,EAST NEW YORK FAMILY ACADEMY,2017,44.0,0.0,EAST NEW YORK FAMILY ACADEMY,2018,57.1,1.0
19K409,EAST NEW YORK FAMILY ACADEMY,2017,44.0,0.0,EAST NEW YORK FAMILY ACADEMY,2018,32.4,1.0
19K409,EAST NEW YORK FAMILY ACADEMY,2017,44.0,0.0,EAST NEW YORK FAMILY ACADEMY,2018,26.6,1.0
19K409,EAST NEW YORK FAMILY ACADEMY,2017,44.0,0.0,EAST NEW YORK FAMILY ACADEMY,2018,48.6,1.0
19K409,EAST NEW YORK FAMILY ACADEMY,2017,44.0,0.0,EAST NEW YORK FAMILY ACADEMY,2018,27.5,1.0
19K409,EAST NEW YORK FAMILY ACADEMY,2017,44.0,0.0,EAST NEW YORK FAMILY ACADEMY,2018,20.5,1.0
24Q005,I.S. 5 - THE WALTER CROWLEY INTERMEDIATE SCHOOL,2017,46.0,0.0,I.S. 5 - THE WALTER CROWLEY INTERMEDIATE SCHOOL,2018,63.7,1.0
24Q005,I.S. 5 - THE WALTER CROWLEY INTERMEDIATE SCHOOL,2017,46.0,0.0,I.S. 5 - THE WALTER CROWLEY INTERMEDIATE SCHOOL,2018,55.3,1.0
24Q005,I.S. 5 - THE WALTER CROWLEY INTERMEDIATE SCHOOL,2017,46.0,0.0,I.S. 5 - THE WALTER CROWLEY INTERMEDIATE SCHOOL,2018,71.8,1.0
24Q005,I.S. 5 - THE WALTER CROWLEY INTERMEDIATE SCHOOL,2017,46.0,0.0,I.S. 5 - THE WALTER CROWLEY INTERMEDIATE SCHOOL,2018,45.7,1.0
24Q005,I.S. 5 - THE WALTER CROWLEY INTERMEDIATE SCHOOL,2017,46.0,0.0,I.S. 5 - THE WALTER CROWLEY INTERMEDIATE SCHOOL,2018,55.4,1.0
24Q005,I.S. 5 - THE WALTER CROWLEY INTERMEDIATE SCHOOL,2017,46.0,0.0,I.S. 5 - THE WALTER CROWLEY INTERMEDIATE SCHOOL,2018,47.2,1.0
24Q005,I.S. 5 - THE WALTER CROWLEY INTERMEDIATE SCHOOL,2017,58.6,0.0,I.S. 5 - THE WALTER CROWLEY INTERMEDIATE SCHOOL,2018,63.7,1.0
24Q005,I.S. 5 - THE WALTER CROWLEY INTERMEDIATE SCHOOL,2017,58.6,0.0,I.S. 5 - THE WALTER CROWLEY INTERMEDIATE SCHOOL,2018,55.3,1.0
24Q005,I.S. 5 - THE WALTER CROWLEY INTERMEDIATE SCHOOL,2017,58.6,0.0,I.S. 5 - THE WALTER CROWLEY INTERMEDIATE SCHOOL,2018,71.8,1.0
24Q005,I.S. 5 - THE WALTER CROWLEY INTERMEDIATE SCHOOL,2017,58.6,0.0,I.S. 5 - THE WALTER CROWLEY INTERMEDIATE SCHOOL,2018,45.7,1.0
24Q005,I.S. 5 - THE WALTER CROWLEY INTERMEDIATE SCHOOL,2017,58.6,0.0,I.S. 5 - THE WALTER CROWLEY INTERMEDIATE SCHOOL,2018,55.4,1.0
24Q005,I.S. 5 - THE WALTER CROWLEY INTERMEDIATE SCHOOL,2017,58.6,0.0,I.S. 5 - THE WALTER CROWLEY INTERMEDIATE SCHOOL,2018,47.2,1.0
24Q005,I.S. 5 - THE WALTER CROWLEY INTERMEDIATE SCHOOL,2017,59.2,0.0,I.S. 5 - THE WALTER CROWLEY INTERMEDIATE SCHOOL,2018,63.7,1.0
24Q005,I.S. 5 - THE WALTER CROWLEY INTERMEDIATE SCHOOL,2017,59.2,0.0,I.S. 5 - THE WALTER CROWLEY INTERMEDIATE SCHOOL,2018,55.3,1.0
24Q005,I.S. 5 - THE WALTER CROWLEY INTERMEDIATE SCHOOL,2017,59.2,0.0,I.S. 5 - THE WALTER CROWLEY INTERMEDIATE SCHOOL,2018,71.8,1.0
24Q005,I.S. 5 - THE WALTER CROWLEY INTERMEDIATE SCHOOL,2017,59.2,0.0,I.S. 5 - THE WALTER CROWLEY INTERMEDIATE SCHOOL,2018,45.7,1.0
24Q005,I.S. 5 - THE WALTER CROWLEY INTERMEDIATE SCHOOL,2017,59.2,0.0,I.S. 5 - THE WALTER CROWLEY INTERMEDIATE SCHOOL,2018,55.4,1.0
24Q005,I.S. 5 - THE WALTER CROWLEY INTERMEDIATE SCHOOL,2017,59.2,0.0,I.S. 5 - THE WALTER CROWLEY INTERMEDIATE SCHOOL,2018,47.2,1.0
24Q005,I.S. 5 - THE WALTER CROWLEY INTERMEDIATE SCHOOL,2017,49.3,0.0,I.S. 5 - THE WALTER CROWLEY INTERMEDIATE SCHOOL,2018,63.7,1.0
24Q005,I.S. 5 - THE WALTER CROWLEY INTERMEDIATE SCHOOL,2017,49.3,0.0,I.S. 5 - THE WALTER CROWLEY INTERMEDIATE SCHOOL,2018,55.3,1.0
24Q005,I.S. 5 - THE WALTER CROWLEY INTERMEDIATE SCHOOL,2017,49.3,0.0,I.S. 5 - THE WALTER CROWLEY INTERMEDIATE SCHOOL,2018,71.8,1.0
24Q005,I.S. 5 - THE WALTER CROWLEY INTERMEDIATE SCHOOL,2017,49.3,0.0,I.S. 5 - THE WALTER CROWLEY INTERMEDIATE SCHOOL,2018,45.7,1.0
24Q005,I.S. 5 - THE WALTER CROWLEY INTERMEDIATE SCHOOL,2017,49.3,0.0,I.S. 5 - THE WALTER CROWLEY INTERMEDIATE SCHOOL,2018,55.4,1.0
24Q005,I.S. 5 - THE WALTER CROWLEY INTERMEDIATE SCHOOL,2017,49.3,0.0,I.S. 5 - THE WALTER CROWLEY INTERMEDIATE SCHOOL,2018,47.2,1.0
24Q005,I.S. 5 - THE WALTER CROWLEY INTERMEDIATE SCHOOL,2017,53.8,0.0,I.S. 5 - THE WALTER CROWLEY INTERMEDIATE SCHOOL,2018,63.7,1.0
24Q005,I.S. 5 - THE WALTER CROWLEY INTERMEDIATE SCHOOL,2017,53.8,0.0,I.S. 5 - THE WALTER CROWLEY INTERMEDIATE SCHOOL,2018,55.3,1.0
24Q005,I.S. 5 - THE WALTER CROWLEY INTERMEDIATE SCHOOL,2017,53.8,0.0,I.S. 5 - THE WALTER CROWLEY INTERMEDIATE SCHOOL,2018,71.8,1.0
24Q005,I.S. 5 - THE WALTER CROWLEY INTERMEDIATE SCHOOL,2017,53.8,0.0,I.S. 5 - THE WALTER CROWLEY INTERMEDIATE SCHOOL,2018,45.7,1.0
24Q005,I.S. 5 - THE WALTER CROWLEY INTERMEDIATE SCHOOL,2017,53.8,0.0,I.S. 5 - THE WALTER CROWLEY INTERMEDIATE SCHOOL,2018,55.4,1.0
24Q005,I.S. 5 - THE WALTER CROWLEY INTERMEDIATE SCHOOL,2017,53.8,0.0,I.S. 5 - THE WALTER CROWLEY INTERMEDIATE SCHOOL,2018,47.2,1.0
24Q005,I.S. 5 - THE WALTER CROWLEY INTERMEDIATE SCHOOL,2017,41.4,0.0,I.S. 5 - THE WALTER CROWLEY INTERMEDIATE SCHOOL,2018,63.7,1.0
24Q005,I.S. 5 - THE WALTER CROWLEY INTERMEDIATE SCHOOL,2017,41.4,0.0,I.S. 5 - THE WALTER CROWLEY INTERMEDIATE SCHOOL,2018,55.3,1.0
24Q005,I.S. 5 - THE WALTER CROWLEY INTERMEDIATE SCHOOL,2017,41.4,0.0,I.S. 5 - THE WALTER CROWLEY INTERMEDIATE SCHOOL,2018,71.8,1.0
24Q005,I.S. 5 - THE WALTER CROWLEY INTERMEDIATE SCHOOL,2017,41.4,0.0,I.S. 5 - THE WALTER CROWLEY INTERMEDIATE SCHOOL,2018,45.7,1.0
24Q005,I.S. 5 - THE WALTER CROWLEY INTERMEDIATE SCHOOL,2017,41.4,0.0,I.S. 5 - THE WALTER CROWLEY INTERMEDIATE SCHOOL,2018,55.4,1.0
24Q005,I.S. 5 - THE WALTER CROWLEY INTERMEDIATE SCHOOL,2017,41.4,0.0,I.S. 5 - THE WALTER CROWLEY INTERMEDIATE SCHOOL,2018,47.2,1.0
26Q098,P.S. 098 THE DOUGLASTON SCHOOL,2017,81.8,0.0,P.S. 098 THE DOUGLASTON SCHOOL,2018,97.2,1.0
26Q098,P.S. 098 THE DOUGLASTON SCHOOL,2017,81.8,0.0,P.S. 098 THE DOUGLASTON SCHOOL,2018,76.5,1.0
26Q098,P.S. 098 THE DOUGLASTON SCHOOL,2017,81.8,0.0,P.S. 098 THE DOUGLASTON SCHOOL,2018,67.4,1.0
26Q098,P.S. 098 THE DOUGLASTON SCHOOL,2017,81.8,0.0,P.S. 098 THE DOUGLASTON SCHOOL,2018,94.3,1.0
26Q098,P.S. 098 THE DOUGLASTON SCHOOL,2017,81.8,0.0,P.S. 098 THE DOUGLASTON SCHOOL,2018,82.4,1.0
26Q098,P.S. 098 THE DOUGLASTON SCHOOL,2017,81.8,0.0,P.S. 098 THE DOUGLASTON SCHOOL,2018,68.2,1.0
26Q098,P.S. 098 THE DOUGLASTON SCHOOL,2017,72.5,0.0,P.S. 098 THE DOUGLASTON SCHOOL,2018,97.2,1.0
26Q098,P.S. 098 THE DOUGLASTON SCHOOL,2017,72.5,0.0,P.S. 098 THE DOUGLASTON SCHOOL,2018,76.5,1.0
26Q098,P.S. 098 THE DOUGLASTON SCHOOL,2017,72.5,0.0,P.S. 098 THE DOUGLASTON SCHOOL,2018,67.4,1.0
26Q098,P.S. 098 THE DOUGLASTON SCHOOL,2017,72.5,0.0,P.S. 098 THE DOUGLASTON SCHOOL,2018,94.3,1.0
26Q098,P.S. 098 THE DOUGLASTON SCHOOL,2017,72.5,0.0,P.S. 098 THE DOUGLASTON SCHOOL,2018,82.4,1.0
26Q098,P.S. 098 THE DOUGLASTON SCHOOL,2017,72.5,0.0,P.S. 098 THE DOUGLASTON SCHOOL,2018,68.2,1.0
26Q098,P.S. 098 THE DOUGLASTON SCHOOL,2017,70.8,0.0,P.S. 098 THE DOUGLASTON SCHOOL,2018,97.2,1.0
26Q098,P.S. 098 THE DOUGLASTON SCHOOL,2017,70.8,0.0,P.S. 098 THE DOUGLASTON SCHOOL,2018,76.5,1.0
26Q098,P.S. 098 THE DOUGLASTON SCHOOL,2017,70.8,0.0,P.S. 098 THE DOUGLASTON SCHOOL,2018,67.4,1.0
26Q098,P.S. 098 THE DOUGLASTON SCHOOL,2017,70.8,0.0,P.S. 098 THE DOUGLASTON SCHOOL,2018,94.3,1.0
26Q098,P.S. 098 THE DOUGLASTON SCHOOL,2017,70.8,0.0,P.S. 098 THE DOUGLASTON SCHOOL,2018,82.4,1.0
26Q098,P.S. 098 THE DOUGLASTON SCHOOL,2017,70.8,0.0,P.S. 098 THE DOUGLASTON SCHOOL,2018,68.2,1.0
26Q098,P.S. 098 THE DOUGLASTON SCHOOL,2017,81.8,0.0,P.S. 098 THE DOUGLASTON SCHOOL,2018,97.2,1.0
26Q098,P.S. 098 THE DOUGLASTON SCHOOL,2017,81.8,0.0,P.S. 098 THE DOUGLASTON SCHOOL,2018,76.5,1.0
26Q098,P.S. 098 THE DOUGLASTON SCHOOL,2017,81.8,0.0,P.S. 098 THE DOUGLASTON SCHOOL,2018,67.4,1.0
26Q098,P.S. 098 THE DOUGLASTON SCHOOL,2017,81.8,0.0,P.S. 098 THE DOUGLASTON SCHOOL,2018,94.3,1.0
26Q098,P.S. 098 THE DOUGLASTON SCHOOL,2017,81.8,0.0,P.S. 098 THE DOUGLASTON SCHOOL,2018,82.4,1.0
26Q098,P.S. 098 THE DOUGLASTON SCHOOL,2017,81.8,0.0,P.S. 098 THE DOUGLASTON SCHOOL,2018,68.2,1.0
26Q098,P.S. 098 THE DOUGLASTON SCHOOL,2017,80.5,0.0,P.S. 098 THE DOUGLASTON SCHOOL,2018,97.2,1.0
26Q098,P.S. 098 THE DOUGLASTON SCHOOL,2017,80.5,0.0,P.S. 098 THE DOUGLASTON SCHOOL,2018,76.5,1.0
26Q098,P.S. 098 THE DOUGLASTON SCHOOL,2017,80.5,0.0,P.S. 098 THE DOUGLASTON SCHOOL,2018,67.4,1.0
26Q098,P.S. 098 THE DOUGLASTON SCHOOL,2017,80.5,0.0,P.S. 098 THE DOUGLASTON SCHOOL,2018,94.3,1.0
26Q098,P.S. 098 THE DOUGLASTON SCHOOL,2017,80.5,0.0,P.S. 098 THE DOUGLASTON SCHOOL,2018,82.4,1.0
26Q098,P.S. 098 THE DOUGLASTON SCHOOL,2017,80.5,0.0,P.S. 098 THE DOUGLASTON SCHOOL,2018,68.2,1.0
26Q098,P.S. 098 THE DOUGLASTON SCHOOL,2017,69.6,0.0,P.S. 098 THE DOUGLASTON SCHOOL,2018,97.2,1.0
26Q098,P.S. 098 THE DOUGLASTON SCHOOL,2017,69.6,0.0,P.S. 098 THE DOUGLASTON SCHOOL,2018,76.5,1.0
26Q098,P.S. 098 THE DOUGLASTON SCHOOL,2017,69.6,0.0,P.S. 098 THE DOUGLASTON SCHOOL,2018,67.4,1.0
26Q098,P.S. 098 THE DOUGLASTON SCHOOL,2017,69.6,0.0,P.S. 098 THE DOUGLASTON SCHOOL,2018,94.3,1.0
26Q098,P.S. 098 THE DOUGLASTON SCHOOL,2017,69.6,0.0,P.S. 098 THE DOUGLASTON SCHOOL,2018,82.4,1.0
26Q098,P.S. 098 THE DOUGLASTON SCHOOL,2017,69.6,0.0,P.S. 098 THE DOUGLASTON SCHOOL,2018,68.2,1.0
26Q216,J.H.S. 216 GEORGE J. RYAN,2017,63.3,0.0,J.H.S. 216 GEORGE J. RYAN,2018,79.4,1.0
26Q216,J.H.S. 216 GEORGE J. RYAN,2017,63.3,0.0,J.H.S. 216 GEORGE J. RYAN,2018,72.9,1.0
26Q216,J.H.S. 216 GEORGE J. RYAN,2017,63.3,0.0,J.H.S. 216 GEORGE J. RYAN,2018,85.6,1.0
26Q216,J.H.S. 216 GEORGE J. RYAN,2017,63.3,0.0,J.H.S. 216 GEORGE J. RYAN,2018,74.6,1.0
26Q216,J.H.S. 216 GEORGE J. RYAN,2017,63.3,0.0,J.H.S. 216 GEORGE J. RYAN,2018,81.0,1.0
26Q216,J.H.S. 216 GEORGE J. RYAN,2017,63.3,0.0,J.H.S. 216 GEORGE J. RYAN,2018,81.2,1.0
26Q216,J.H.S. 216 GEORGE J. RYAN,2017,76.9,0.0,J.H.S. 216 GEORGE J. RYAN,2018,79.4,1.0
26Q216,J.H.S. 216 GEORGE J. RYAN,2017,76.9,0.0,J.H.S. 216 GEORGE J. RYAN,2018,72.9,1.0
26Q216,J.H.S. 216 GEORGE J. RYAN,2017,76.9,0.0,J.H.S. 216 GEORGE J. RYAN,2018,85.6,1.0
26Q216,J.H.S. 216 GEORGE J. RYAN,2017,76.9,0.0,J.H.S. 216 GEORGE J. RYAN,2018,74.6,1.0
26Q216,J.H.S. 216 GEORGE J. RYAN,2017,76.9,0.0,J.H.S. 216 GEORGE J. RYAN,2018,81.0,1.0
26Q216,J.H.S. 216 GEORGE J. RYAN,2017,76.9,0.0,J.H.S. 216 GEORGE J. RYAN,2018,81.2,1.0
26Q216,J.H.S. 216 GEORGE J. RYAN,2017,76.4,0.0,J.H.S. 216 GEORGE J. RYAN,2018,79.4,1.0
26Q216,J.H.S. 216 GEORGE J. RYAN,2017,76.4,0.0,J.H.S. 216 GEORGE J. RYAN,2018,72.9,1.0
26Q216,J.H.S. 216 GEORGE J. RYAN,2017,76.4,0.0,J.H.S. 216 GEORGE J. RYAN,2018,85.6,1.0
26Q216,J.H.S. 216 GEORGE J. RYAN,2017,76.4,0.0,J.H.S. 216 GEORGE J. RYAN,2018,74.6,1.0
26Q216,J.H.S. 216 GEORGE J. RYAN,2017,76.4,0.0,J.H.S. 216 GEORGE J. RYAN,2018,81.0,1.0
26Q216,J.H.S. 216 GEORGE J. RYAN,2017,76.4,0.0,J.H.S. 216 GEORGE J. RYAN,2018,81.2,1.0
26Q216,J.H.S. 216 GEORGE J. RYAN,2017,72.2,0.0,J.H.S. 216 GEORGE J. RYAN,2018,79.4,1.0
26Q216,J.H.S. 216 GEORGE J. RYAN,2017,72.2,0.0,J.H.S. 216 GEORGE J. RYAN,2018,72.9,1.0
26Q216,J.H.S. 216 GEORGE J. RYAN,2017,72.2,0.0,J.H.S. 216 GEORGE J. RYAN,2018,85.6,1.0
26Q216,J.H.S. 216 GEORGE J. RYAN,2017,72.2,0.0,J.H.S. 216 GEORGE J. RYAN,2018,74.6,1.0
26Q216,J.H.S. 216 GEORGE J. RYAN,2017,72.2,0.0,J.H.S. 216 GEORGE J. RYAN,2018,81.0,1.0
26Q216,J.H.S. 216 GEORGE J. RYAN,2017,72.2,0.0,J.H.S. 216 GEORGE J. RYAN,2018,81.2,1.0
26Q216,J.H.S. 216 GEORGE J. RYAN,2017,76.5,0.0,J.H.S. 216 GEORGE J. RYAN,2018,79.4,1.0
26Q216,J.H.S. 216 GEORGE J. RYAN,2017,76.5,0.0,J.H.S. 216 GEORGE J. RYAN,2018,72.9,1.0
26Q216,J.H.S. 216 GEORGE J. RYAN,2017,76.5,0.0,J.H.S. 216 GEORGE J. RYAN,2018,85.6,1.0
26Q216,J.H.S. 216 GEORGE J. RYAN,2017,76.5,0.0,J.H.S. 216 GEORGE J. RYAN,2018,74.6,1.0
26Q216,J.H.S. 216 GEORGE J. RYAN,2017,76.5,0.0,J.H.S. 216 GEORGE J. RYAN,2018,81.0,1.0
26Q216,J.H.S. 216 GEORGE J. RYAN,2017,76.5,0.0,J.H.S. 216 GEORGE J. RYAN,2018,81.2,1.0
26Q216,J.H.S. 216 GEORGE J. RYAN,2017,69.6,0.0,J.H.S. 216 GEORGE J. RYAN,2018,79.4,1.0
26Q216,J.H.S. 216 GEORGE J. RYAN,2017,69.6,0.0,J.H.S. 216 GEORGE J. RYAN,2018,72.9,1.0
26Q216,J.H.S. 216 GEORGE J. RYAN,2017,69.6,0.0,J.H.S. 216 GEORGE J. RYAN,2018,85.6,1.0
26Q216,J.H.S. 216 GEORGE J. RYAN,2017,69.6,0.0,J.H.S. 216 GEORGE J. RYAN,2018,74.6,1.0
26Q216,J.H.S. 216 GEORGE J. RYAN,2017,69.6,0.0,J.H.S. 216 GEORGE J. RYAN,2018,81.0,1.0
26Q216,J.H.S. 216 GEORGE J. RYAN,2017,69.6,0.0,J.H.S. 216 GEORGE J. RYAN,2018,81.2,1.0
27Q232,P.S. 232 LINDENWOOD,2017,48.3,0.0,P.S. 232 LINDENWOOD,2018,51.5,1.0
27Q232,P.S. 232 LINDENWOOD,2017,48.3,0.0,P.S. 232 LINDENWOOD,2018,67.6,1.0
27Q232,P.S. 232 LINDENWOOD,2017,48.3,0.0,P.S. 232 LINDENWOOD,2018,53.5,1.0
27Q232,P.S. 232 LINDENWOOD,2017,48.3,0.0,P.S. 232 LINDENWOOD,2018,70.9,1.0
27Q232,P.S. 232 LINDENWOOD,2017,48.3,0.0,P.S. 232 LINDENWOOD,2018,59.3,1.0
27Q232,P.S. 232 LINDENWOOD,2017,48.3,0.0,P.S. 232 LINDENWOOD,2018,79.2,1.0
27Q232,P.S. 232 LINDENWOOD,2017,48.3,0.0,P.S. 232 LINDENWOOD,2018,61.2,1.0
27Q232,P.S. 232 LINDENWOOD,2017,48.3,0.0,P.S. 232 LINDENWOOD,2018,46.7,1.0
27Q232,P.S. 232 LINDENWOOD,2017,48.3,0.0,P.S. 232 LINDENWOOD,2018,57.0,1.0
27Q232,P.S. 232 LINDENWOOD,2017,48.3,0.0,P.S. 232 LINDENWOOD,2018,47.1,1.0
27Q232,P.S. 232 LINDENWOOD,2017,48.3,0.0,P.S. 232 LINDENWOOD,2018,68.1,1.0
27Q232,P.S. 232 LINDENWOOD,2017,48.3,0.0,P.S. 232 LINDENWOOD,2018,30.9,1.0
27Q232,P.S. 232 LINDENWOOD,2017,60.4,0.0,P.S. 232 LINDENWOOD,2018,51.5,1.0
27Q232,P.S. 232 LINDENWOOD,2017,60.4,0.0,P.S. 232 LINDENWOOD,2018,67.6,1.0
27Q232,P.S. 232 LINDENWOOD,2017,60.4,0.0,P.S. 232 LINDENWOOD,2018,53.5,1.0
27Q232,P.S. 232 LINDENWOOD,2017,60.4,0.0,P.S. 232 LINDENWOOD,2018,70.9,1.0
27Q232,P.S. 232 LINDENWOOD,2017,60.4,0.0,P.S. 232 LINDENWOOD,2018,59.3,1.0
27Q232,P.S. 232 LINDENWOOD,2017,60.4,0.0,P.S. 232 LINDENWOOD,2018,79.2,1.0
27Q232,P.S. 232 LINDENWOOD,2017,60.4,0.0,P.S. 232 LINDENWOOD,2018,61.2,1.0
27Q232,P.S. 232 LINDENWOOD,2017,60.4,0.0,P.S. 232 LINDENWOOD,2018,46.7,1.0
27Q232,P.S. 232 LINDENWOOD,2017,60.4,0.0,P.S. 232 LINDENWOOD,2018,57.0,1.0
27Q232,P.S. 232 LINDENWOOD,2017,60.4,0.0,P.S. 232 LINDENWOOD,2018,47.1,1.0
27Q232,P.S. 232 LINDENWOOD,2017,60.4,0.0,P.S. 232 LINDENWOOD,2018,68.1,1.0
27Q232,P.S. 232 LINDENWOOD,2017,60.4,0.0,P.S. 232 LINDENWOOD,2018,30.9,1.0
27Q232,P.S. 232 LINDENWOOD,2017,56.7,0.0,P.S. 232 LINDENWOOD,2018,51.5,1.0
27Q232,P.S. 232 LINDENWOOD,2017,56.7,0.0,P.S. 232 LINDENWOOD,2018,67.6,1.0
27Q232,P.S. 232 LINDENWOOD,2017,56.7,0.0,P.S. 232 LINDENWOOD,2018,53.5,1.0
27Q232,P.S. 232 LINDENWOOD,2017,56.7,0.0,P.S. 232 LINDENWOOD,2018,70.9,1.0
27Q232,P.S. 232 LINDENWOOD,2017,56.7,0.0,P.S. 232 LINDENWOOD,2018,59.3,1.0
27Q232,P.S. 232 LINDENWOOD,2017,56.7,0.0,P.S. 232 LINDENWOOD,2018,79.2,1.0
27Q232,P.S. 232 LINDENWOOD,2017,56.7,0.0,P.S. 232 LINDENWOOD,2018,61.2,1.0
27Q232,P.S. 232 LINDENWOOD,2017,56.7,0.0,P.S. 232 LINDENWOOD,2018,46.7,1.0
27Q232,P.S. 232 LINDENWOOD,2017,56.7,0.0,P.S. 232 LINDENWOOD,2018,57.0,1.0
27Q232,P.S. 232 LINDENWOOD,2017,56.7,0.0,P.S. 232 LINDENWOOD,2018,47.1,1.0
27Q232,P.S. 232 LINDENWOOD,2017,56.7,0.0,P.S. 232 LINDENWOOD,2018,68.1,1.0
27Q232,P.S. 232 LINDENWOOD,2017,56.7,0.0,P.S. 232 LINDENWOOD,2018,30.9,1.0
27Q232,P.S. 232 LINDENWOOD,2017,38.9,0.0,P.S. 232 LINDENWOOD,2018,51.5,1.0
27Q232,P.S. 232 LINDENWOOD,2017,38.9,0.0,P.S. 232 LINDENWOOD,2018,67.6,1.0
27Q232,P.S. 232 LINDENWOOD,2017,38.9,0.0,P.S. 232 LINDENWOOD,2018,53.5,1.0
27Q232,P.S. 232 LINDENWOOD,2017,38.9,0.0,P.S. 232 LINDENWOOD,2018,70.9,1.0
27Q232,P.S. 232 LINDENWOOD,2017,38.9,0.0,P.S. 232 LINDENWOOD,2018,59.3,1.0
27Q232,P.S. 232 LINDENWOOD,2017,38.9,0.0,P.S. 232 LINDENWOOD,2018,79.2,1.0
27Q232,P.S. 232 LINDENWOOD,2017,38.9,0.0,P.S. 232 LINDENWOOD,2018,61.2,1.0
27Q232,P.S. 232 LINDENWOOD,2017,38.9,0.0,P.S. 232 LINDENWOOD,2018,46.7,1.0
27Q232,P.S. 232 LINDENWOOD,2017,38.9,0.0,P.S. 232 LINDENWOOD,2018,57.0,1.0
27Q232,P.S. 232 LINDENWOOD,2017,38.9,0.0,P.S. 232 LINDENWOOD,2018,47.1,1.0
27Q232,P.S. 232 LINDENWOOD,2017,38.9,0.0,P.S. 232 LINDENWOOD,2018,68.1,1.0
27Q232,P.S. 232 LINDENWOOD,2017,38.9,0.0,P.S. 232 LINDENWOOD,2018,30.9,1.0
27Q232,P.S. 232 LINDENWOOD,2017,70.9,0.0,P.S. 232 LINDENWOOD,2018,51.5,1.0
27Q232,P.S. 232 LINDENWOOD,2017,70.9,0.0,P.S. 232 LINDENWOOD,2018,67.6,1.0
27Q232,P.S. 232 LINDENWOOD,2017,70.9,0.0,P.S. 232 LINDENWOOD,2018,53.5,1.0
27Q232,P.S. 232 LINDENWOOD,2017,70.9,0.0,P.S. 232 LINDENWOOD,2018,70.9,1.0
27Q232,P.S. 232 LINDENWOOD,2017,70.9,0.0,P.S. 232 LINDENWOOD,2018,59.3,1.0
27Q232,P.S. 232 LINDENWOOD,2017,70.9,0.0,P.S. 232 LINDENWOOD,2018,79.2,1.0
27Q232,P.S. 232 LINDENWOOD,2017,70.9,0.0,P.S. 232 LINDENWOOD,2018,61.2,1.0
27Q232,P.S. 232 LINDENWOOD,2017,70.9,0.0,P.S. 232 LINDENWOOD,2018,46.7,1.0
27Q232,P.S. 232 LINDENWOOD,2017,70.9,0.0,P.S. 232 LINDENWOOD,2018,57.0,1.0
27Q232,P.S. 232 LINDENWOOD,2017,70.9,0.0,P.S. 232 LINDENWOOD,2018,47.1,1.0
27Q232,P.S. 232 LINDENWOOD,2017,70.9,0.0,P.S. 232 LINDENWOOD,2018,68.1,1.0
27Q232,P.S. 232 LINDENWOOD,2017,70.9,0.0,P.S. 232 LINDENWOOD,2018,30.9,1.0
27Q232,P.S. 232 LINDENWOOD,2017,73.9,0.0,P.S. 232 LINDENWOOD,2018,51.5,1.0
27Q232,P.S. 232 LINDENWOOD,2017,73.9,0.0,P.S. 232 LINDENWOOD,2018,67.6,1.0
27Q232,P.S. 232 LINDENWOOD,2017,73.9,0.0,P.S. 232 LINDENWOOD,2018,53.5,1.0
27Q232,P.S. 232 LINDENWOOD,2017,73.9,0.0,P.S. 232 LINDENWOOD,2018,70.9,1.0
27Q232,P.S. 232 LINDENWOOD,2017,73.9,0.0,P.S. 232 LINDENWOOD,2018,59.3,1.0
27Q232,P.S. 232 LINDENWOOD,2017,73.9,0.0,P.S. 232 LINDENWOOD,2018,79.2,1.0
27Q232,P.S. 232 LINDENWOOD,2017,73.9,0.0,P.S. 232 LINDENWOOD,2018,61.2,1.0
27Q232,P.S. 232 LINDENWOOD,2017,73.9,0.0,P.S. 232 LINDENWOOD,2018,46.7,1.0
27Q232,P.S. 232 LINDENWOOD,2017,73.9,0.0,P.S. 232 LINDENWOOD,2018,57.0,1.0
27Q232,P.S. 232 LINDENWOOD,2017,73.9,0.0,P.S. 232 LINDENWOOD,2018,47.1,1.0
27Q232,P.S. 232 LINDENWOOD,2017,73.9,0.0,P.S. 232 LINDENWOOD,2018,68.1,1.0
27Q232,P.S. 232 LINDENWOOD,2017,73.9,0.0,P.S. 232 LINDENWOOD,2018,30.9,1.0
27Q232,P.S. 232 LINDENWOOD,2017,31.9,0.0,P.S. 232 LINDENWOOD,2018,51.5,1.0
27Q232,P.S. 232 LINDENWOOD,2017,31.9,0.0,P.S. 232 LINDENWOOD,2018,67.6,1.0
27Q232,P.S. 232 LINDENWOOD,2017,31.9,0.0,P.S. 232 LINDENWOOD,2018,53.5,1.0
27Q232,P.S. 232 LINDENWOOD,2017,31.9,0.0,P.S. 232 LINDENWOOD,2018,70.9,1.0
27Q232,P.S. 232 LINDENWOOD,2017,31.9,0.0,P.S. 232 LINDENWOOD,2018,59.3,1.0
27Q232,P.S. 232 LINDENWOOD,2017,31.9,0.0,P.S. 232 LINDENWOOD,2018,79.2,1.0
27Q232,P.S. 232 LINDENWOOD,2017,31.9,0.0,P.S. 232 LINDENWOOD,2018,61.2,1.0
27Q232,P.S. 232 LINDENWOOD,2017,31.9,0.0,P.S. 232 LINDENWOOD,2018,46.7,1.0
27Q232,P.S. 232 LINDENWOOD,2017,31.9,0.0,P.S. 232 LINDENWOOD,2018,57.0,1.0
27Q232,P.S. 232 LINDENWOOD,2017,31.9,0.0,P.S. 232 LINDENWOOD,2018,47.1,1.0
27Q232,P.S. 232 LINDENWOOD,2017,31.9,0.0,P.S. 232 LINDENWOOD,2018,68.1,1.0
27Q232,P.S. 232 LINDENWOOD,2017,31.9,0.0,P.S. 232 LINDENWOOD,2018,30.9,1.0
27Q232,P.S. 232 LINDENWOOD,2017,41.5,0.0,P.S. 232 LINDENWOOD,2018,51.5,1.0
27Q232,P.S. 232 LINDENWOOD,2017,41.5,0.0,P.S. 232 LINDENWOOD,2018,67.6,1.0
27Q232,P.S. 232 LINDENWOOD,2017,41.5,0.0,P.S. 232 LINDENWOOD,2018,53.5,1.0
27Q232,P.S. 232 LINDENWOOD,2017,41.5,0.0,P.S. 232 LINDENWOOD,2018,70.9,1.0
27Q232,P.S. 232 LINDENWOOD,2017,41.5,0.0,P.S. 232 LINDENWOOD,2018,59.3,1.0
27Q232,P.S. 232 LINDENWOOD,2017,41.5,0.0,P.S. 232 LINDENWOOD,2018,79.2,1.0
27Q232,P.S. 232 LINDENWOOD,2017,41.5,0.0,P.S. 232 LINDENWOOD,2018,61.2,1.0
27Q232,P.S. 232 LINDENWOOD,2017,41.5,0.0,P.S. 232 LINDENWOOD,2018,46.7,1.0
27Q232,P.S. 232 LINDENWOOD,2017,41.5,0.0,P.S. 232 LINDENWOOD,2018,57.0,1.0
27Q232,P.S. 232 LINDENWOOD,2017,41.5,0.0,P.S. 232 LINDENWOOD,2018,47.1,1.0
27Q232,P.S. 232 LINDENWOOD,2017,41.5,0.0,P.S. 232 LINDENWOOD,2018,68.1,1.0
27Q232,P.S. 232 LINDENWOOD,2017,41.5,0.0,P.S. 232 LINDENWOOD,2018,30.9,1.0
27Q232,P.S. 232 LINDENWOOD,2017,56.7,0.0,P.S. 232 LINDENWOOD,2018,51.5,1.0
27Q232,P.S. 232 LINDENWOOD,2017,56.7,0.0,P.S. 232 LINDENWOOD,2018,67.6,1.0
27Q232,P.S. 232 LINDENWOOD,2017,56.7,0.0,P.S. 232 LINDENWOOD,2018,53.5,1.0
27Q232,P.S. 232 LINDENWOOD,2017,56.7,0.0,P.S. 232 LINDENWOOD,2018,70.9,1.0
27Q232,P.S. 232 LINDENWOOD,2017,56.7,0.0,P.S. 232 LINDENWOOD,2018,59.3,1.0
27Q232,P.S. 232 LINDENWOOD,2017,56.7,0.0,P.S. 232 LINDENWOOD,2018,79.2,1.0
27Q232,P.S. 232 LINDENWOOD,2017,56.7,0.0,P.S. 232 LINDENWOOD,2018,61.2,1.0
27Q232,P.S. 232 LINDENWOOD,2017,56.7,0.0,P.S. 232 LINDENWOOD,2018,46.7,1.0
27Q232,P.S. 232 LINDENWOOD,2017,56.7,0.0,P.S. 232 LINDENWOOD,2018,57.0,1.0
27Q232,P.S. 232 LINDENWOOD,2017,56.7,0.0,P.S. 232 LINDENWOOD,2018,47.1,1.0
27Q232,P.S. 232 LINDENWOOD,2017,56.7,0.0,P.S. 232 LINDENWOOD,2018,68.1,1.0
27Q232,P.S. 232 LINDENWOOD,2017,56.7,0.0,P.S. 232 LINDENWOOD,2018,30.9,1.0
27Q232,P.S. 232 LINDENWOOD,2017,40.2,0.0,P.S. 232 LINDENWOOD,2018,51.5,1.0
27Q232,P.S. 232 LINDENWOOD,2017,40.2,0.0,P.S. 232 LINDENWOOD,2018,67.6,1.0
27Q232,P.S. 232 LINDENWOOD,2017,40.2,0.0,P.S. 232 LINDENWOOD,2018,53.5,1.0
27Q232,P.S. 232 LINDENWOOD,2017,40.2,0.0,P.S. 232 LINDENWOOD,2018,70.9,1.0
27Q232,P.S. 232 LINDENWOOD,2017,40.2,0.0,P.S. 232 LINDENWOOD,2018,59.3,1.0
27Q232,P.S. 232 LINDENWOOD,2017,40.2,0.0,P.S. 232 LINDENWOOD,2018,79.2,1.0
27Q232,P.S. 232 LINDENWOOD,2017,40.2,0.0,P.S. 232 LINDENWOOD,2018,61.2,1.0
27Q232,P.S. 232 LINDENWOOD,2017,40.2,0.0,P.S. 232 LINDENWOOD,2018,46.7,1.0
27Q232,P.S. 232 LINDENWOOD,2017,40.2,0.0,P.S. 232 LINDENWOOD,2018,57.0,1.0
27Q232,P.S. 232 LINDENWOOD,2017,40.2,0.0,P.S. 232 LINDENWOOD,2018,47.1,1.0
27Q232,P.S. 232 LINDENWOOD,2017,40.2,0.0,P.S. 232 LINDENWOOD,2018,68.1,1.0
27Q232,P.S. 232 LINDENWOOD,2017,40.2,0.0,P.S. 232 LINDENWOOD,2018,30.9,1.0
27Q232,P.S. 232 LINDENWOOD,2017,53.4,0.0,P.S. 232 LINDENWOOD,2018,51.5,1.0
27Q232,P.S. 232 LINDENWOOD,2017,53.4,0.0,P.S. 232 LINDENWOOD,2018,67.6,1.0
27Q232,P.S. 232 LINDENWOOD,2017,53.4,0.0,P.S. 232 LINDENWOOD,2018,53.5,1.0
27Q232,P.S. 232 LINDENWOOD,2017,53.4,0.0,P.S. 232 LINDENWOOD,2018,70.9,1.0
27Q232,P.S. 232 LINDENWOOD,2017,53.4,0.0,P.S. 232 LINDENWOOD,2018,59.3,1.0
27Q232,P.S. 232 LINDENWOOD,2017,53.4,0.0,P.S. 232 LINDENWOOD,2018,79.2,1.0
27Q232,P.S. 232 LINDENWOOD,2017,53.4,0.0,P.S. 232 LINDENWOOD,2018,61.2,1.0
27Q232,P.S. 232 LINDENWOOD,2017,53.4,0.0,P.S. 232 LINDENWOOD,2018,46.7,1.0
27Q232,P.S. 232 LINDENWOOD,2017,53.4,0.0,P.S. 232 LINDENWOOD,2018,57.0,1.0
27Q232,P.S. 232 LINDENWOOD,2017,53.4,0.0,P.S. 232 LINDENWOOD,2018,47.1,1.0
27Q232,P.S. 232 LINDENWOOD,2017,53.4,0.0,P.S. 232 LINDENWOOD,2018,68.1,1.0
27Q232,P.S. 232 LINDENWOOD,2017,53.4,0.0,P.S. 232 LINDENWOOD,2018,30.9,1.0
27Q232,P.S. 232 LINDENWOOD,2017,2.6,0.0,P.S. 232 LINDENWOOD,2018,51.5,1.0
27Q232,P.S. 232 LINDENWOOD,2017,2.6,0.0,P.S. 232 LINDENWOOD,2018,67.6,1.0
27Q232,P.S. 232 LINDENWOOD,2017,2.6,0.0,P.S. 232 LINDENWOOD,2018,53.5,1.0
27Q232,P.S. 232 LINDENWOOD,2017,2.6,0.0,P.S. 232 LINDENWOOD,2018,70.9,1.0
27Q232,P.S. 232 LINDENWOOD,2017,2.6,0.0,P.S. 232 LINDENWOOD,2018,59.3,1.0
27Q232,P.S. 232 LINDENWOOD,2017,2.6,0.0,P.S. 232 LINDENWOOD,2018,79.2,1.0
27Q232,P.S. 232 LINDENWOOD,2017,2.6,0.0,P.S. 232 LINDENWOOD,2018,61.2,1.0
27Q232,P.S. 232 LINDENWOOD,2017,2.6,0.0,P.S. 232 LINDENWOOD,2018,46.7,1.0
27Q232,P.S. 232 LINDENWOOD,2017,2.6,0.0,P.S. 232 LINDENWOOD,2018,57.0,1.0
27Q232,P.S. 232 LINDENWOOD,2017,2.6,0.0,P.S. 232 LINDENWOOD,2018,47.1,1.0
27Q232,P.S. 232 LINDENWOOD,2017,2.6,0.0,P.S. 232 LINDENWOOD,2018,68.1,1.0
27Q232,P.S. 232 LINDENWOOD,2017,2.6,0.0,P.S. 232 LINDENWOOD,2018,30.9,1.0
28Q680,QUEENS GATEWAY TO HEALTH SCIENCES SECONDARY SCHOOL,2017,89.9,0.0,QUEENS GATEWAY TO HEALTH SCIENCES SECONDARY SCHOOL,2018,93.8,1.0
28Q680,QUEENS GATEWAY TO HEALTH SCIENCES SECONDARY SCHOOL,2017,89.9,0.0,QUEENS GATEWAY TO HEALTH SCIENCES SECONDARY SCHOOL,2018,90.8,1.0
28Q680,QUEENS GATEWAY TO HEALTH SCIENCES SECONDARY SCHOOL,2017,89.9,0.0,QUEENS GATEWAY TO HEALTH SCIENCES SECONDARY SCHOOL,2018,93.8,1.0
28Q680,QUEENS GATEWAY TO HEALTH SCIENCES SECONDARY SCHOOL,2017,89.9,0.0,QUEENS GATEWAY TO HEALTH SCIENCES SECONDARY SCHOOL,2018,89.7,1.0
28Q680,QUEENS GATEWAY TO HEALTH SCIENCES SECONDARY SCHOOL,2017,89.9,0.0,QUEENS GATEWAY TO HEALTH SCIENCES SECONDARY SCHOOL,2018,90.8,1.0
28Q680,QUEENS GATEWAY TO HEALTH SCIENCES SECONDARY SCHOOL,2017,89.9,0.0,QUEENS GATEWAY TO HEALTH SCIENCES SECONDARY SCHOOL,2018,82.7,1.0
28Q680,QUEENS GATEWAY TO HEALTH SCIENCES SECONDARY SCHOOL,2017,88.4,0.0,QUEENS GATEWAY TO HEALTH SCIENCES SECONDARY SCHOOL,2018,93.8,1.0
28Q680,QUEENS GATEWAY TO HEALTH SCIENCES SECONDARY SCHOOL,2017,88.4,0.0,QUEENS GATEWAY TO HEALTH SCIENCES SECONDARY SCHOOL,2018,90.8,1.0
28Q680,QUEENS GATEWAY TO HEALTH SCIENCES SECONDARY SCHOOL,2017,88.4,0.0,QUEENS GATEWAY TO HEALTH SCIENCES SECONDARY SCHOOL,2018,93.8,1.0
28Q680,QUEENS GATEWAY TO HEALTH SCIENCES SECONDARY SCHOOL,2017,88.4,0.0,QUEENS GATEWAY TO HEALTH SCIENCES SECONDARY SCHOOL,2018,89.7,1.0
28Q680,QUEENS GATEWAY TO HEALTH SCIENCES SECONDARY SCHOOL,2017,88.4,0.0,QUEENS GATEWAY TO HEALTH SCIENCES SECONDARY SCHOOL,2018,90.8,1.0
28Q680,QUEENS GATEWAY TO HEALTH SCIENCES SECONDARY SCHOOL,2017,88.4,0.0,QUEENS GATEWAY TO HEALTH SCIENCES SECONDARY SCHOOL,2018,82.7,1.0
28Q680,QUEENS GATEWAY TO HEALTH SCIENCES SECONDARY SCHOOL,2017,94.2,0.0,QUEENS GATEWAY TO HEALTH SCIENCES SECONDARY SCHOOL,2018,93.8,1.0
28Q680,QUEENS GATEWAY TO HEALTH SCIENCES SECONDARY SCHOOL,2017,94.2,0.0,QUEENS GATEWAY TO HEALTH SCIENCES SECONDARY SCHOOL,2018,90.8,1.0
28Q680,QUEENS GATEWAY TO HEALTH SCIENCES SECONDARY SCHOOL,2017,94.2,0.0,QUEENS GATEWAY TO HEALTH SCIENCES SECONDARY SCHOOL,2018,93.8,1.0
28Q680,QUEENS GATEWAY TO HEALTH SCIENCES SECONDARY SCHOOL,2017,94.2,0.0,QUEENS GATEWAY TO HEALTH SCIENCES SECONDARY SCHOOL,2018,89.7,1.0
28Q680,QUEENS GATEWAY TO HEALTH SCIENCES SECONDARY SCHOOL,2017,94.2,0.0,QUEENS GATEWAY TO HEALTH SCIENCES SECONDARY SCHOOL,2018,90.8,1.0
28Q680,QUEENS GATEWAY TO HEALTH SCIENCES SECONDARY SCHOOL,2017,94.2,0.0,QUEENS GATEWAY TO HEALTH SCIENCES SECONDARY SCHOOL,2018,82.7,1.0
28Q680,QUEENS GATEWAY TO HEALTH SCIENCES SECONDARY SCHOOL,2017,92.1,0.0,QUEENS GATEWAY TO HEALTH SCIENCES SECONDARY SCHOOL,2018,93.8,1.0
28Q680,QUEENS GATEWAY TO HEALTH SCIENCES SECONDARY SCHOOL,2017,92.1,0.0,QUEENS GATEWAY TO HEALTH SCIENCES SECONDARY SCHOOL,2018,90.8,1.0
28Q680,QUEENS GATEWAY TO HEALTH SCIENCES SECONDARY SCHOOL,2017,92.1,0.0,QUEENS GATEWAY TO HEALTH SCIENCES SECONDARY SCHOOL,2018,93.8,1.0
28Q680,QUEENS GATEWAY TO HEALTH SCIENCES SECONDARY SCHOOL,2017,92.1,0.0,QUEENS GATEWAY TO HEALTH SCIENCES SECONDARY SCHOOL,2018,89.7,1.0
28Q680,QUEENS GATEWAY TO HEALTH SCIENCES SECONDARY SCHOOL,2017,92.1,0.0,QUEENS GATEWAY TO HEALTH SCIENCES SECONDARY SCHOOL,2018,90.8,1.0
28Q680,QUEENS GATEWAY TO HEALTH SCIENCES SECONDARY SCHOOL,2017,92.1,0.0,QUEENS GATEWAY TO HEALTH SCIENCES SECONDARY SCHOOL,2018,82.7,1.0
28Q680,QUEENS GATEWAY TO HEALTH SCIENCES SECONDARY SCHOOL,2017,86.0,0.0,QUEENS GATEWAY TO HEALTH SCIENCES SECONDARY SCHOOL,2018,93.8,1.0
28Q680,QUEENS GATEWAY TO HEALTH SCIENCES SECONDARY SCHOOL,2017,86.0,0.0,QUEENS GATEWAY TO HEALTH SCIENCES SECONDARY SCHOOL,2018,90.8,1.0
28Q680,QUEENS GATEWAY TO HEALTH SCIENCES SECONDARY SCHOOL,2017,86.0,0.0,QUEENS GATEWAY TO HEALTH SCIENCES SECONDARY SCHOOL,2018,93.8,1.0
28Q680,QUEENS GATEWAY TO HEALTH SCIENCES SECONDARY SCHOOL,2017,86.0,0.0,QUEENS GATEWAY TO HEALTH SCIENCES SECONDARY SCHOOL,2018,89.7,1.0
28Q680,QUEENS GATEWAY TO HEALTH SCIENCES SECONDARY SCHOOL,2017,86.0,0.0,QUEENS GATEWAY TO HEALTH SCIENCES SECONDARY SCHOOL,2018,90.8,1.0
28Q680,QUEENS GATEWAY TO HEALTH SCIENCES SECONDARY SCHOOL,2017,86.0,0.0,QUEENS GATEWAY TO HEALTH SCIENCES SECONDARY SCHOOL,2018,82.7,1.0
28Q680,QUEENS GATEWAY TO HEALTH SCIENCES SECONDARY SCHOOL,2017,62.4,0.0,QUEENS GATEWAY TO HEALTH SCIENCES SECONDARY SCHOOL,2018,93.8,1.0
28Q680,QUEENS GATEWAY TO HEALTH SCIENCES SECONDARY SCHOOL,2017,62.4,0.0,QUEENS GATEWAY TO HEALTH SCIENCES SECONDARY SCHOOL,2018,90.8,1.0
28Q680,QUEENS GATEWAY TO HEALTH SCIENCES SECONDARY SCHOOL,2017,62.4,0.0,QUEENS GATEWAY TO HEALTH SCIENCES SECONDARY SCHOOL,2018,93.8,1.0
28Q680,QUEENS GATEWAY TO HEALTH SCIENCES SECONDARY SCHOOL,2017,62.4,0.0,QUEENS GATEWAY TO HEALTH SCIENCES SECONDARY SCHOOL,2018,89.7,1.0
28Q680,QUEENS GATEWAY TO HEALTH SCIENCES SECONDARY SCHOOL,2017,62.4,0.0,QUEENS GATEWAY TO HEALTH SCIENCES SECONDARY SCHOOL,2018,90.8,1.0
28Q680,QUEENS GATEWAY TO HEALTH SCIENCES SECONDARY SCHOOL,2017,62.4,0.0,QUEENS GATEWAY TO HEALTH SCIENCES SECONDARY SCHOOL,2018,82.7,1.0
30Q145,I.S. 145 JOSEPH PULITZER,2017,24.4,0.0,I.S. 145 JOSEPH PULITZER,2018,43.3,1.0
30Q145,I.S. 145 JOSEPH PULITZER,2017,24.4,0.0,I.S. 145 JOSEPH PULITZER,2018,36.2,1.0
30Q145,I.S. 145 JOSEPH PULITZER,2017,24.4,0.0,I.S. 145 JOSEPH PULITZER,2018,44.0,1.0
30Q145,I.S. 145 JOSEPH PULITZER,2017,24.4,0.0,I.S. 145 JOSEPH PULITZER,2018,42.5,1.0
30Q145,I.S. 145 JOSEPH PULITZER,2017,24.4,0.0,I.S. 145 JOSEPH PULITZER,2018,33.5,1.0
30Q145,I.S. 145 JOSEPH PULITZER,2017,24.4,0.0,I.S. 145 JOSEPH PULITZER,2018,37.5,1.0
30Q145,I.S. 145 JOSEPH PULITZER,2017,34.4,0.0,I.S. 145 JOSEPH PULITZER,2018,43.3,1.0
30Q145,I.S. 145 JOSEPH PULITZER,2017,34.4,0.0,I.S. 145 JOSEPH PULITZER,2018,36.2,1.0
30Q145,I.S. 145 JOSEPH PULITZER,2017,34.4,0.0,I.S. 145 JOSEPH PULITZER,2018,44.0,1.0
30Q145,I.S. 145 JOSEPH PULITZER,2017,34.4,0.0,I.S. 145 JOSEPH PULITZER,2018,42.5,1.0
30Q145,I.S. 145 JOSEPH PULITZER,2017,34.4,0.0,I.S. 145 JOSEPH PULITZER,2018,33.5,1.0
30Q145,I.S. 145 JOSEPH PULITZER,2017,34.4,0.0,I.S. 145 JOSEPH PULITZER,2018,37.5,1.0
30Q145,I.S. 145 JOSEPH PULITZER,2017,47.7,0.0,I.S. 145 JOSEPH PULITZER,2018,43.3,1.0
30Q145,I.S. 145 JOSEPH PULITZER,2017,47.7,0.0,I.S. 145 JOSEPH PULITZER,2018,36.2,1.0
30Q145,I.S. 145 JOSEPH PULITZER,2017,47.7,0.0,I.S. 145 JOSEPH PULITZER,2018,44.0,1.0
30Q145,I.S. 145 JOSEPH PULITZER,2017,47.7,0.0,I.S. 145 JOSEPH PULITZER,2018,42.5,1.0
30Q145,I.S. 145 JOSEPH PULITZER,2017,47.7,0.0,I.S. 145 JOSEPH PULITZER,2018,33.5,1.0
30Q145,I.S. 145 JOSEPH PULITZER,2017,47.7,0.0,I.S. 145 JOSEPH PULITZER,2018,37.5,1.0
30Q145,I.S. 145 JOSEPH PULITZER,2017,29.3,0.0,I.S. 145 JOSEPH PULITZER,2018,43.3,1.0
30Q145,I.S. 145 JOSEPH PULITZER,2017,29.3,0.0,I.S. 145 JOSEPH PULITZER,2018,36.2,1.0
30Q145,I.S. 145 JOSEPH PULITZER,2017,29.3,0.0,I.S. 145 JOSEPH PULITZER,2018,44.0,1.0
30Q145,I.S. 145 JOSEPH PULITZER,2017,29.3,0.0,I.S. 145 JOSEPH PULITZER,2018,42.5,1.0
30Q145,I.S. 145 JOSEPH PULITZER,2017,29.3,0.0,I.S. 145 JOSEPH PULITZER,2018,33.5,1.0
30Q145,I.S. 145 JOSEPH PULITZER,2017,29.3,0.0,I.S. 145 JOSEPH PULITZER,2018,37.5,1.0
30Q145,I.S. 145 JOSEPH PULITZER,2017,27.8,0.0,I.S. 145 JOSEPH PULITZER,2018,43.3,1.0
30Q145,I.S. 145 JOSEPH PULITZER,2017,27.8,0.0,I.S. 145 JOSEPH PULITZER,2018,36.2,1.0
30Q145,I.S. 145 JOSEPH PULITZER,2017,27.8,0.0,I.S. 145 JOSEPH PULITZER,2018,44.0,1.0
30Q145,I.S. 145 JOSEPH PULITZER,2017,27.8,0.0,I.S. 145 JOSEPH PULITZER,2018,42.5,1.0
30Q145,I.S. 145 JOSEPH PULITZER,2017,27.8,0.0,I.S. 145 JOSEPH PULITZER,2018,33.5,1.0
30Q145,I.S. 145 JOSEPH PULITZER,2017,27.8,0.0,I.S. 145 JOSEPH PULITZER,2018,37.5,1.0
30Q145,I.S. 145 JOSEPH PULITZER,2017,32.9,0.0,I.S. 145 JOSEPH PULITZER,2018,43.3,1.0
30Q145,I.S. 145 JOSEPH PULITZER,2017,32.9,0.0,I.S. 145 JOSEPH PULITZER,2018,36.2,1.0
30Q145,I.S. 145 JOSEPH PULITZER,2017,32.9,0.0,I.S. 145 JOSEPH PULITZER,2018,44.0,1.0
30Q145,I.S. 145 JOSEPH PULITZER,2017,32.9,0.0,I.S. 145 JOSEPH PULITZER,2018,42.5,1.0
30Q145,I.S. 145 JOSEPH PULITZER,2017,32.9,0.0,I.S. 145 JOSEPH PULITZER,2018,33.5,1.0
30Q145,I.S. 145 JOSEPH PULITZER,2017,32.9,0.0,I.S. 145 JOSEPH PULITZER,2018,37.5,1.0
30Q286,"YOUNG WOMEN'S LEADERSHIP SCHOOL, ASTORIA",2017,68.1,0.0,"YOUNG WOMEN'S LEADERSHIP SCHOOL, ASTORIA",2018,87.2,1.0
30Q286,"YOUNG WOMEN'S LEADERSHIP SCHOOL, ASTORIA",2017,68.1,0.0,"YOUNG WOMEN'S LEADERSHIP SCHOOL, ASTORIA",2018,61.0,1.0
30Q286,"YOUNG WOMEN'S LEADERSHIP SCHOOL, ASTORIA",2017,68.1,0.0,"YOUNG WOMEN'S LEADERSHIP SCHOOL, ASTORIA",2018,77.8,1.0
30Q286,"YOUNG WOMEN'S LEADERSHIP SCHOOL, ASTORIA",2017,68.1,0.0,"YOUNG WOMEN'S LEADERSHIP SCHOOL, ASTORIA",2018,62.3,1.0
30Q286,"YOUNG WOMEN'S LEADERSHIP SCHOOL, ASTORIA",2017,68.1,0.0,"YOUNG WOMEN'S LEADERSHIP SCHOOL, ASTORIA",2018,37.7,1.0
30Q286,"YOUNG WOMEN'S LEADERSHIP SCHOOL, ASTORIA",2017,65.3,0.0,"YOUNG WOMEN'S LEADERSHIP SCHOOL, ASTORIA",2018,87.2,1.0
30Q286,"YOUNG WOMEN'S LEADERSHIP SCHOOL, ASTORIA",2017,65.3,0.0,"YOUNG WOMEN'S LEADERSHIP SCHOOL, ASTORIA",2018,61.0,1.0
30Q286,"YOUNG WOMEN'S LEADERSHIP SCHOOL, ASTORIA",2017,65.3,0.0,"YOUNG WOMEN'S LEADERSHIP SCHOOL, ASTORIA",2018,77.8,1.0
30Q286,"YOUNG WOMEN'S LEADERSHIP SCHOOL, ASTORIA",2017,65.3,0.0,"YOUNG WOMEN'S LEADERSHIP SCHOOL, ASTORIA",2018,62.3,1.0
30Q286,"YOUNG WOMEN'S LEADERSHIP SCHOOL, ASTORIA",2017,65.3,0.0,"YOUNG WOMEN'S LEADERSHIP SCHOOL, ASTORIA",2018,37.7,1.0
30Q286,"YOUNG WOMEN'S LEADERSHIP SCHOOL, ASTORIA",2017,83.5,0.0,"YOUNG WOMEN'S LEADERSHIP SCHOOL, ASTORIA",2018,87.2,1.0
30Q286,"YOUNG WOMEN'S LEADERSHIP SCHOOL, ASTORIA",2017,83.5,0.0,"YOUNG WOMEN'S LEADERSHIP SCHOOL, ASTORIA",2018,61.0,1.0
30Q286,"YOUNG WOMEN'S LEADERSHIP SCHOOL, ASTORIA",2017,83.5,0.0,"YOUNG WOMEN'S LEADERSHIP SCHOOL, ASTORIA",2018,77.8,1.0
30Q286,"YOUNG WOMEN'S LEADERSHIP SCHOOL, ASTORIA",2017,83.5,0.0,"YOUNG WOMEN'S LEADERSHIP SCHOOL, ASTORIA",2018,62.3,1.0
30Q286,"YOUNG WOMEN'S LEADERSHIP SCHOOL, ASTORIA",2017,83.5,0.0,"YOUNG WOMEN'S LEADERSHIP SCHOOL, ASTORIA",2018,37.7,1.0
30Q286,"YOUNG WOMEN'S LEADERSHIP SCHOOL, ASTORIA",2017,62.5,0.0,"YOUNG WOMEN'S LEADERSHIP SCHOOL, ASTORIA",2018,87.2,1.0
30Q286,"YOUNG WOMEN'S LEADERSHIP SCHOOL, ASTORIA",2017,62.5,0.0,"YOUNG WOMEN'S LEADERSHIP SCHOOL, ASTORIA",2018,61.0,1.0
30Q286,"YOUNG WOMEN'S LEADERSHIP SCHOOL, ASTORIA",2017,62.5,0.0,"YOUNG WOMEN'S LEADERSHIP SCHOOL, ASTORIA",2018,77.8,1.0
30Q286,"YOUNG WOMEN'S LEADERSHIP SCHOOL, ASTORIA",2017,62.5,0.0,"YOUNG WOMEN'S LEADERSHIP SCHOOL, ASTORIA",2018,62.3,1.0
30Q286,"YOUNG WOMEN'S LEADERSHIP SCHOOL, ASTORIA",2017,62.5,0.0,"YOUNG WOMEN'S LEADERSHIP SCHOOL, ASTORIA",2018,37.7,1.0
30Q286,"YOUNG WOMEN'S LEADERSHIP SCHOOL, ASTORIA",2017,51.4,0.0,"YOUNG WOMEN'S LEADERSHIP SCHOOL, ASTORIA",2018,87.2,1.0
30Q286,"YOUNG WOMEN'S LEADERSHIP SCHOOL, ASTORIA",2017,51.4,0.0,"YOUNG WOMEN'S LEADERSHIP SCHOOL, ASTORIA",2018,61.0,1.0
30Q286,"YOUNG WOMEN'S LEADERSHIP SCHOOL, ASTORIA",2017,51.4,0.0,"YOUNG WOMEN'S LEADERSHIP SCHOOL, ASTORIA",2018,77.8,1.0
30Q286,"YOUNG WOMEN'S LEADERSHIP SCHOOL, ASTORIA",2017,51.4,0.0,"YOUNG WOMEN'S LEADERSHIP SCHOOL, ASTORIA",2018,62.3,1.0
30Q286,"YOUNG WOMEN'S LEADERSHIP SCHOOL, ASTORIA",2017,51.4,0.0,"YOUNG WOMEN'S LEADERSHIP SCHOOL, ASTORIA",2018,37.7,1.0
31R075,I.S. 075 FRANK D. PAULO,2017,51.9,0.0,I.S. 075 FRANK D. PAULO,2018,67.9,1.0
31R075,I.S. 075 FRANK D. PAULO,2017,51.9,0.0,I.S. 075 FRANK D. PAULO,2018,64.9,1.0
31R075,I.S. 075 FRANK D. PAULO,2017,51.9,0.0,I.S. 075 FRANK D. PAULO,2018,65.9,1.0
31R075,I.S. 075 FRANK D. PAULO,2017,51.9,0.0,I.S. 075 FRANK D. PAULO,2018,56.9,1.0
31R075,I.S. 075 FRANK D. PAULO,2017,51.9,0.0,I.S. 075 FRANK D. PAULO,2018,60.5,1.0
31R075,I.S. 075 FRANK D. PAULO,2017,51.9,0.0,I.S. 075 FRANK D. PAULO,2018,58.0,1.0
31R075,I.S. 075 FRANK D. PAULO,2017,66.4,0.0,I.S. 075 FRANK D. PAULO,2018,67.9,1.0
31R075,I.S. 075 FRANK D. PAULO,2017,66.4,0.0,I.S. 075 FRANK D. PAULO,2018,64.9,1.0
31R075,I.S. 075 FRANK D. PAULO,2017,66.4,0.0,I.S. 075 FRANK D. PAULO,2018,65.9,1.0
31R075,I.S. 075 FRANK D. PAULO,2017,66.4,0.0,I.S. 075 FRANK D. PAULO,2018,56.9,1.0
31R075,I.S. 075 FRANK D. PAULO,2017,66.4,0.0,I.S. 075 FRANK D. PAULO,2018,60.5,1.0
31R075,I.S. 075 FRANK D. PAULO,2017,66.4,0.0,I.S. 075 FRANK D. PAULO,2018,58.0,1.0
31R075,I.S. 075 FRANK D. PAULO,2017,59.8,0.0,I.S. 075 FRANK D. PAULO,2018,67.9,1.0
31R075,I.S. 075 FRANK D. PAULO,2017,59.8,0.0,I.S. 075 FRANK D. PAULO,2018,64.9,1.0
31R075,I.S. 075 FRANK D. PAULO,2017,59.8,0.0,I.S. 075 FRANK D. PAULO,2018,65.9,1.0
31R075,I.S. 075 FRANK D. PAULO,2017,59.8,0.0,I.S. 075 FRANK D. PAULO,2018,56.9,1.0
31R075,I.S. 075 FRANK D. PAULO,2017,59.8,0.0,I.S. 075 FRANK D. PAULO,2018,60.5,1.0
31R075,I.S. 075 FRANK D. PAULO,2017,59.8,0.0,I.S. 075 FRANK D. PAULO,2018,58.0,1.0
31R075,I.S. 075 FRANK D. PAULO,2017,61.5,0.0,I.S. 075 FRANK D. PAULO,2018,67.9,1.0
31R075,I.S. 075 FRANK D. PAULO,2017,61.5,0.0,I.S. 075 FRANK D. PAULO,2018,64.9,1.0
31R075,I.S. 075 FRANK D. PAULO,2017,61.5,0.0,I.S. 075 FRANK D. PAULO,2018,65.9,1.0
31R075,I.S. 075 FRANK D. PAULO,2017,61.5,0.0,I.S. 075 FRANK D. PAULO,2018,56.9,1.0
31R075,I.S. 075 FRANK D. PAULO,2017,61.5,0.0,I.S. 075 FRANK D. PAULO,2018,60.5,1.0
31R075,I.S. 075 FRANK D. PAULO,2017,61.5,0.0,I.S. 075 FRANK D. PAULO,2018,58.0,1.0
31R075,I.S. 075 FRANK D. PAULO,2017,53.5,0.0,I.S. 075 FRANK D. PAULO,2018,67.9,1.0
31R075,I.S. 075 FRANK D. PAULO,2017,53.5,0.0,I.S. 075 FRANK D. PAULO,2018,64.9,1.0
31R075,I.S. 075 FRANK D. PAULO,2017,53.5,0.0,I.S. 075 FRANK D. PAULO,2018,65.9,1.0
31R075,I.S. 075 FRANK D. PAULO,2017,53.5,0.0,I.S. 075 FRANK D. PAULO,2018,56.9,1.0
31R075,I.S. 075 FRANK D. PAULO,2017,53.5,0.0,I.S. 075 FRANK D. PAULO,2018,60.5,1.0
31R075,I.S. 075 FRANK D. PAULO,2017,53.5,0.0,I.S. 075 FRANK D. PAULO,2018,58.0,1.0
31R075,I.S. 075 FRANK D. PAULO,2017,33.1,0.0,I.S. 075 FRANK D. PAULO,2018,67.9,1.0
31R075,I.S. 075 FRANK D. PAULO,2017,33.1,0.0,I.S. 075 FRANK D. PAULO,2018,64.9,1.0
31R075,I.S. 075 FRANK D. PAULO,2017,33.1,0.0,I.S. 075 FRANK D. PAULO,2018,65.9,1.0
31R075,I.S. 075 FRANK D. PAULO,2017,33.1,0.0,I.S. 075 FRANK D. PAULO,2018,56.9,1.0
31R075,I.S. 075 FRANK D. PAULO,2017,33.1,0.0,I.S. 075 FRANK D. PAULO,2018,60.5,1.0
31R075,I.S. 075 FRANK D. PAULO,2017,33.1,0.0,I.S. 075 FRANK D. PAULO,2018,58.0,1.0
